0,bocheński,m.Bochnia,"Gimnazjum nr 2 w Bochni im. Cypriana KamilaNorwida",Bochnia,"gen. TadeuszaJakubowskiego",96,25%,74,7,62,6,57,7,54,6,91,64,5,91,43,5,76,8,2,35,0,,0,
1,bocheński,m.Bochnia,Gimnazjum nr 1 w Bochni,Bochnia,Bernardyńska,212,25%,76,7,63,6,61,8,58,7,199,73,6,199,53,15,57,6,0,,0,,0,
2,bocheński,m.Bochnia,V Gimnazjum Małopolskiego Centrum Edukacji,Bochnia,"KonfederatówBarskich",25,8%,82,8,77,8,74,9,67,8,25,88,8,25,74,0,,,0,,0,,0,
3,bocheński,Bochnia,Gimnazjum w Gawłowie,Gawłów,,33,9%,75,7,65,7,46,5,51,5,33,62,5,33,39,0,,,0,,0,,0,
4,bocheński,Bochnia,Gimnazjum w Proszówkach,Proszówki,,38,13%,66,4,61,6,47,6,56,7,35,68,6,35,49,3,48,,3,19,0,,0,
5,bocheński,Bochnia,Gimnazjum w Nieszkowicach Wielkich,"NieszkowiceWielkie",,26,12%,61,3,55,4,40,4,49,5,26,50,3,26,34,0,,,0,,0,,0,
6,bocheński,Bochnia,Gimnazjum w Łapczycy,Łapczyca,,27,0%,70,5,56,5,40,4,55,6,18,75,7,18,58,9,59,6,8,24,0,,0,
7,bocheński,Bochnia,"Zespół Szkół Gminnych w Siedlcu - Gimnazjum wSiedlcu",Siedlec,,16,6%,69,5,66,7,62,8,60,7,16,68,6,16,43,0,,,0,,0,,0,
8,bocheński,Bochnia,"Zespół Szkół Gminnych w Pogwizdowie,Gimnazjum w Pogwizdowie",Pogwizdów,,13,38%,75,7,75,8,48,6,66,8,13,60,4,13,45,0,,,0,,0,,0,
9,bocheński,Bochnia,"Zespół Szkół Gminnych w Damienicach,Gimnazjum w Damienicach",Damienice,,14,14%,67,5,69,8,46,5,58,7,14,60,4,14,39,0,,,0,,0,,0,
10,bocheński,Bochnia,Gimnazjum w Bogucicach,Bogucice,,12,8%,63,4,61,6,53,7,64,8,12,65,5,12,41,0,,,0,,0,,0,
11,bocheński,Bochnia,"Zespół Szkół Gminnych im. H. Sienkiewicza wStanisławicach - Gimnazjum w Stanisławicach",Stanisławice,,16,6%,68,5,56,5,43,5,50,5,16,66,5,16,50,0,,,0,,0,,0,
12,bocheński,Drwinia,Publiczne Gimnazjum w Grobli,Grobla,,21,10%,68,5,64,7,55,7,50,5,17,71,6,17,38,4,51,,0,,0,,0,
13,bocheński,Drwinia,"Zespół Szkolno-Przedszkolny w Drwini PubliczneGimnazjum w Drwini",Drwinia,,15,13%,74,7,57,5,49,6,57,7,14,60,4,14,41,1,75,,0,,0,,0,
14,bocheński,Drwinia,"Zespół Szkolno-Przedszkolny w Mikluszowicach -Gimnazjum w Mikluszowicach",Mikluszowice,,36,8%,%71,6,61,6,49,6,54,6,35,66,5,35,47,1,60,,1,28,0,,0,
15,bocheński,"LipnicaMurowana","Zespół Szkół w Lipnicy Murowanej - PubliczneGimnazjum im. ks. Stanisława Wiśniowskiego","LipnicaMurowana",,43,12%,72,%6,56,5,50,6,52,5,32,66,5,32,50,11,41,3,0,,0,,0,
16,bocheński,"LipnicaMurowana","Zespół Szkół w Rajbrocie - Publiczne Gimnazjumim. Antoniny Prorokowej",Rajbrot,,21,0%,65,4,54,4,47,6,53,6,3,87,,3,68,18,53,5,0,,0,,0,
17,bocheński,Łapanów,"Publiczne Gimnazjum im. Janusza Kuliga wŁapanowie",Łapanów,,65,5%,67,5,59,5,53,7,52,5,56,72,6,56,41,9,69,7,0,,0,,0,
18,bocheński,Łapanów,Publiczne Gimnazjum,Tarnawa,,13,0%,62,3,59,5,34,3,44,3,13,52,3,13,34,0,,,0,,0,,0,
19,bocheński,Nowy Wiśnicz,"Gimnazjum w Zespole Szkół im. Jana Pawła II wStarym Wiśniczu",Stary Wiśnicz,,29,17%,70,5,64,7,50,6,55,6,22,76,7,22,55,7,38,2,0,,0,,0,
20,bocheński,Nowy Wiśnicz,Gimnazjum,Nowy Wiśnicz,Szkolna,66,20%,73,6,62,6,50,6,51,5,48,72,6,48,52,18,63,7,0,,0,,0,
21,bocheński,Nowy Wiśnicz,Gimnazjum,Królówka,,28,14%,58,3,52,4,37,4,39,2,26,48,3,26,27,2,31,,0,,0,,0,
22,bocheński,Nowy Wiśnicz,Gimnazjum,Kobyle,,17,29%,72,6,53,4,42,5,50,5,7,80,7,7,66,10,60,6,0,,0,,0,
23,bocheński,Nowy Wiśnicz,Gimnazjum dla Dorosłych,Nowy Wiśnicz,Zamkowa,21,0%,33,1,37,2,18,1,31,1,21,42,2,,,0,,,,,0,,,
24,bocheński,Rzezawa,"Zespół Szkół w Dąbrówce - Publiczne Gimnazjumim. Prymasa Stefana Kardynała Wyszyńskiego wDąbrówce",Dąbrówka,,22,5%,70,5,65,7,45,5,53,6,22,49,3,22,27,0,,,0,,0,,0,
25,bocheński,Rzezawa,"Publiczne Gimnazjum im. Św. Jana Pawła II wŁazach",Łazy,,13,8%,64,4,55,4,36,3,45,3,13,44,2,13,21,0,,,0,,0,,0,
26,bocheński,Rzezawa,Publiczne Gimnazjum w Rzezawie,Rzezawa,Szkolna,56,13%,66,4,55,4,42,5,52,5,54,63,5,54,41,2,61,,0,,0,,0,
27,bocheński,Trzciana,Publiczne Gimnazjum w Trzcianie,Trzciana,,42,12%,78,7,63,6,49,6,52,5,42,69,6,42,49,0,,,0,,0,,0,
28,bocheński,Trzciana,Gimnazjum w Leszczynie,Leszczyna,,15,0%,73,6,67,7,51,6,54,6,15,65,5,15,42,0,,,0,,0,,0,
29,bocheński,Trzciana,Publiczne Gimnazjum w Kamionnej,Kamionna,,8,13%,53,2,52,4,38,4,47,4,8,53,3,8,38,0,,,0,,0,,0,
30,bocheński,Żegocina,Gimnazjum w Żegocinie,Żegocina,,28,4%,71,6,60,6,55,7,49,5,27,64,5,27,48,1,40,,0,,0,,0,
31,bocheński,Żegocina,Gimnazjum im. Jana Pawła II w Łąkcie Górnej,Łąkta Górna,,24,25%,81,8,73,8,59,7,61,8,21,55,4,21,36,3,60,,0,,0,,0,
32,bocheński,Żegocina,"Zespół Szkół w Rozdzielu - Gimnazjum im. Bł.Karoliny Kózkówny",Rozdziele,,17,24%,69,5,61,6,55,7,54,6,17,61,5,17,34,0,,,0,,0,,0,
33,brzeski,Borzęcin,"Zespół Szkół w Borzęcinie. Publiczne Gimnazjumimienia świętego Jana Pawła II w Borzęcinie",Borzęcin,,44,2%,66,4,56,5%,52,7,51,5,44,56,4,44,34,0,,,0,,0,,0,
34,brzeski,Borzęcin,"Publiczne Gimnazjum im. Kardynała StefanaWyszyńskiego w Przyborowie",Przyborów,,27,7%,76%,7,62,6,56,7,59,7,26,77,7,26,62,1,88,,1,65,0,,0,
35,brzeski,Borzęcin,Publiczne Gimnazjum w Bielczy,Bielcza,,16,6%,73,6,62,6,49,6,55,6,16,76,7,16,59,0,,,0,,0,,0,
36,brzeski,Brzesko,"Publiczne Gimnazjum nr 2 im. Janusza Korczakaw Brzesku",Brzesko,Czarnowiejska,188,10%,75,7,59,5,53,7,56,7,186,65,5,186,44,2,63,,1,48,0,,0,
37,brzeski,Brzesko,Publiczne Gimnazjum nr 1 w Brzesku,Brzesko,Głowackiego,115,15%,70,5,62,6,54,7,58,7,111,63,5,111,43,4,68,,2,56,0,,0,
38,brzeski,Brzesko,"Zespół Szkół w Jadownikach PubliczneGimnazjum im. Jana Pawła II",Jadowniki,Szkolna,67,10%,66,4,55,4,41,4,48,4,55,63,5,55,41,12,37,2,0,,0,,0,
39,brzeski,Brzesko,"Katolickie Gimnazjum im. św. Stanisława BM zeSzczepanowa",Brzesko,Browarna,11,18%,59,3,59,5,30,2,44,3,9,45,2,9,29,2,71,,0,,0,,0,
40,brzeski,Czchów,Publiczne Gimnazjum w Czchowie,Czchów,Sądecka,23,4%,70,5,57,5,53,7,55,6,21,56,4,20,39,2,70,,2,44,0,,0,
41,brzeski,Czchów,Publiczne Gimnazjum w Tworkowej,Tworkowa,,14,0%,70,5,54,4,50,6,55,6,14,67,5,14,41,0,,,0,,0,,0,
42,brzeski,Czchów,"Zespół Szkół i Przedszkola - Publiczne Gimnazjumw Złotej",Złota,,17,0%,69,5,49,3,57,7,52,5,17,57,4,17,40,0,,,0,,0,,0,
43,brzeski,Czchów,Publiczne Gimnazjum w Tymowej,Tymowa,,24,0%,72,6,50,3,39,4,52,5,23,58,4,23,40,1,78,,0,,0,,0,
44,brzeski,Czchów,Gimnazjum w Jurkowie,Jurków,,11,9%,80,8,62,6,58,7,63,8,11,69,6,11,51,0,,,0,,0,,0,
45,brzeski,Dębno,"Publiczne Gimnazjum im. Władysława Reymontaw Porąbce Uszewskiej","PorąbkaUszewska",,22,9%,79,8,64,7,56,7,52,5,22,70,6,22,51,0,,,0,,0,,0,
46,brzeski,Dębno,Publiczne Gimnazjum w Łysej Górze,Łysa Góra,,19,21%,71,6,57,5,51,6,53,6,19,63,5,19,41,0,,,0,,0,,0,
47,brzeski,Dębno,"Zespół Szkół - Publiczne Gimnazjum im.Kardynała Stefana Wyszyńskiego w WoliDębińskiej",Wola Dębińska,,76,12%,68,5,56,5,50,6,48,4,64,64,5,64,43,12,51,5,0,,0,,0,
48,brzeski,Dębno,Publiczne Gimnazjum w Sufczynie,Sufczyn,,13,23%,76,7,66,7,55,7,55,6,13,71,6,13,46,0,,,0,,0,,0,
49,brzeski,Dębno,"Młodzieżowy Ośrodek Socjoterapii w Łysej GórzeGimnazjum Specjalne",Łysa Góra,,18,0%,43,2,36,2,26,2,35,2,18,36,1,18,16,0,,,0,,0,,0,
50,brzeski,Gnojnik,"Publiczne Gimnazjum im. Królowej Jadwigi wUszwi",Uszew,,23,9%,67,5,59,5,44,5,51,5,23,53,3,23,26,0,,,0,,0,,0,
51,brzeski,Gnojnik,Publiczne Gimnazjum w Gnojniku,Gnojnik,,74,4%,71,6,58,5,43,5,47,4,67,54,3,67,33,7,38,2,0,,0,,0,
52,brzeski,Iwkowa,Publiczne Gimnazjum w Iwkowej,Iwkowa,,51,4%,72,6,58,5,49,6,55,6,51,57,4,51,36,0,,,0,,0,,0,
53,brzeski,Iwkowa,"Zespół Szkół - Publiczne Gimnazjum wWojakowej",Wojakowa,,23,0%,67,5,58,5,51,6,52,5,20,67,5,20,50,3,42,,0,,0,,0,
54,brzeski,Szczurowa,"Publiczne Gimnazjum im. Jędrzeja Cierniaka wZaborowie",Zaborów,,24,4%,64,4,57,5,32,3,47,4,23,50,3,23,31,1,63,,0,,0,,0,
55,brzeski,Szczurowa,"Publiczne Gimnazjum im. Władysława StanisławaReymonta w Szczurowej",Szczurowa,Rynek,53,11%,62,3,52,4,36,3,48,4,53,61,5,53,39,0,,,0,,0,,0,
56,chrzanowski,Alwernia,Gimnazjum,Alwernia,"Skłodowskiej-Curie",61,16%,70,5,65,7,53,7,54,6,59,71,6,59,54,2,84,,0,,0,,0,
57,chrzanowski,Alwernia,Gimnazjum,Brodła,Edukacyjna,27,4%,77%,7,65,7,46,5,61,8,27,65,5,27,46,0,,,0,,0,,0,
58,chrzanowski,Alwernia,Publiczne Gimnazjum,Kwaczała,Jana Pawła II,22,9%,76,7,68,7,47,6,54,6,22,66,5,22,49,0,,,0,,0,,0,
59,chrzanowski,Babice,"Zespół Szkół w Zagórzu - Publiczne Gimnazjumim.Ks.A.Chojnackiego",Zagórze,"M. J.Piłsudskiego",24,13%,71,%6,54,4,38,4,44,3,22,64,5,22,49,2,66,,0,,0,,0,
60,chrzanowski,Babice,"Zespół Szkół Publiczne Gimnazjum im. M.Skłodowskiej-Curie w Babicach",Babice,Zamkowa,20,15%,74,7,65,7,49,6,59,7,19,65,5,19,47,1,58,,0,,0,,0,
61,chrzanowski,Babice,Publiczne Gimnazjum w Jankowicach,Jankowice,"StanisławaStaszica",16,25%,67,5,56,5,43,5,53,6,16,53,3,16,38,0,,,0,,0,,0,
62,chrzanowski,Chrzanów,Publiczne Gimnazjum nr 2 w Chrzanowie,Chrzanów,"KardynałaWyszyńskiego",100,22%,77,7,65,7,51,6,61,8,92,76,7,84,61,8,70,7,4,48,0,,0,
63,chrzanowski,Chrzanów,"Publiczne Gimnazjum Nr 1 z OddziałamiIntegracyjnymi im. ks. prof. Józefa Tischnera",Chrzanów,Zielona,121,15%,73,6,57,5,40,4,52,5,90,69,6,87,50,31,68,7,17,80,0,,0,
64,chrzanowski,Chrzanów,"Publiczne Gimnazjum Nr 3 im. Króla WładysławaJagiełły w Chrzanowie",Chrzanów,Aleja Henryka,60,15%,74,7,61,6,52,7,54,6,52,69,6,52,51,5,55,5,0,,0,,0,
65,chrzanowski,Chrzanów,"Publiczne Gimnazjum nr 4 z OddziałamiIntegracyjnymi w Chrzanowie",Chrzanów,Pogorska,51,12%,71,6,59,5,38,4,53,6,48,72,6,48,53,2,34,,0,,0,,0,
66,chrzanowski,Chrzanów,"Publiczne Gimnazjum im. Rodziny Starzeńskich wPłazie",Płaza,Wiosny Ludów,55,24%,71,6,57,5,53,7,52,5,49,68,6,49,53,6,54,5,6,25,0,,0,
67,chrzanowski,Chrzanów,"Gimnazjum Fundacji Viribus Unitis im.Św.Franciszka z Asyżu w Pogorzycach",Pogorzyce,"KarolaSzymanowskiego",13,15%,55,2,44,2,34,3,42,3,11,55,4,11,33,1,80,,0,,0,,0,
68,chrzanowski,Libiąż,"Gimnazjum im. ks. Stefana kard. WyszyńskiegoKSW w Libiążu",Libiąż,Kościelna,18,17%,85,8,81,9,76,9,64,8,18,97,9,18,89,0,,,0,,0,,0,
69,chrzanowski,Libiąż,Gimnazjum nr 2 im. M. Kopernika,Libiąż,Paderewskiego,59,8%,66,4,50,3,34,3,48,4,55,57,4,55,36,4,41,,0,,0,,0,
70,chrzanowski,Libiąż,"Gimnazjum Nr 1 im. Jana III Sobieskiego wLibiążu",Libiąż,Szkolna,82,18%,71,6,56,5,46,5,49,5,77,66,5,77,43,5,57,6,0,,0,,0,
71,chrzanowski,Libiąż,Zespół Szkół w Żarkach - Gimnazjum w Żarkach,Żarki,Astronautów,36,19%,71,6,59,5,49,6,56,7,25,78,7,25,61,11,59,6,0,,0,,0,
72,chrzanowski,Trzebinia,"Gimnazjum z Oddziałami Integracyjnymi Nr 3 im.Polskich Noblistów w Trzebini",Trzebinia,Os. ZWM,102,27%,74,7,59,%5,51,6,56,7,95,69,6,95,53,7,52,5,0,,0,,0,
73,chrzanowski,Trzebinia,"Zespół Szkół Gimnazjalnych im. TrzechWieszczów - Gimnazjum Nr 2 w Trzebini",Trzebinia,Sobieskiego,42,10%,68%,5,49,3,34,3,45,3,38,64,5,38,41,3,62,,2,41,0,,0,
74,chrzanowski,Trzebinia,"Gimnazjum nr 1 im. Mikołaja Kopernika wTrzebini",Trzebinia,Szkolna,54,33%,73,6,58,5,45,5,51,5,47,68,6,47,48,8,49,5,0,,0,,0,
75,chrzanowski,Trzebinia,"Zespół Szkół Gimnazjalnych im. TrzechWieszczów - Gimnazjum dla Dorosłych wTrzebini",Trzebinia,Sobieskiego,16,0%,37,%1,34,1,20,1,31,1,15,35,1,15,11,0,,,0,,0,,0,
76,chrzanowski,Trzebinia,Publiczne Gimnazjum w Płokach,Płoki,Szkolna,9,56%,62,3,45,2,28,2,36,2,9,45,2,9,25,0,,,0,,0,,0,
77,dąbrowski,"DąbrowaTarnowska","Publiczne Gimnazjum nr 2 im. BohaterówPowiśla Dąbrowskiego w Dąbrowie Tarnowskiej","DąbrowaTarnowska",Zazamcze,94,6%,65,4,55,4,43,5,51,5,48,84,8,48,65,46,38,2,0,,0,,0,
78,dąbrowski,"DąbrowaTarnowska","Publiczne Gimnazjum nr 1 w DąbrowieTarnowskiej","DąbrowaTarnowska",Zaręby,78,8%,70,5,60,6,48,6,52,5,50,87,8,50,71,28,45,4,0,,0,,0,
79,dąbrowski,"DąbrowaTarnowska","Publiczne Gimnazjum nr 3 w Gruszowie Wielkimim. Kardynała Stefana Wyszyńskiego",Gruszów Wielki,,34,0%,69,5,55,4,44,5,52,5,24,64,5,24,43,10,44,4,0,,0,,0,
80,dąbrowski,Gręboszów,Gimnazjum im. Stefanii Łąckiej w Gręboszowie,Gręboszów,,26,0%,67,5,52,4,42,5,47,4,26,60,4,26,39,0,,,0,,0,,0,
81,dąbrowski,Mędrzechów,"Gimnazjum im. Tadeusza Kościuszki wMędrzechowie",Mędrzechów,,36,6%,70,5,59,5,47,6,54,6,31,61,5,31,43,5,61,6,0,,0,,0,
82,dąbrowski,Olesno,Gimnazjum im. Kardynała Stefana Wyszyńskiego,Olesno,Szkolna,57,7%,70,5,57,5,41,4,47,4,41,63,5,41,45,16,45,4,1,80,0,,0,
83,dąbrowski,Radgoszcz,"Gimnazjum Nr 2 im. 25-lecia pontyfikatu JanaPawła II",Luszowice,Tarnowska,23,0%,65,4,50,3,47,6,47,4,13,63,5,13,36,10,50,5,0,,0,,0,
84,dąbrowski,Radgoszcz,Gimnazjum Nr 1 im. Ojca Świętego Jana Pawła II,Radgoszcz,"Plac Św.Kazimierza",57,4%,68,5,53,4,39,4,50,5,52,57,4,52,35,5,52,5,5,35,0,,0,
85,dąbrowski,Szczucin,"Zespół Szkół w Szczucinie - Gimnazjum im.Bohaterów Września w Szczucinie",Szczucin,Kościuszki,72,13%,66,4,55,4,45,5,49,5,66,52,3,66,33,6,59,6,0,,0,,0,
86,dąbrowski,Szczucin,Gimnazjum w Borkach im. Bł. Jana Pawła II,Borki,,30,20%,69,5,54,4,57,7,54,6,15,69,6,15,47,15,42,3,0,,0,,0,
87,dąbrowski,Szczucin,Gimnazjum w Radwanie,Radwan,,11,0%,59,3,52,4,34,3,40,2,11,40,2,11,24,0,,,0,,0,,0,
88,gorlicki,m.Gorlice,Gimnazjum nr 1 w Miejskim Zespole Szkół nr 1,Gorlice,Piękna,53,15%,74,7,70,%8,55,7,57,7,51,66,5,51,46,2,66,,0,,0,,0,
89,gorlicki,m.Gorlice,"Miejski Zespół Szkół nr 4 w Gorlicach -Gimnazjum nr 4",Gorlice,Krasińskiego,52,17%,70%,5,56,5,45,5,52,5,51,65,5,51,49,2,78,,0,,0,,0,
90,gorlicki,m.Gorlice,"Gimnazjum nr 6 w Miejskim Zespole Szkół nr 6 wGorlicach im. Bohaterów Ziemi Gorlickiej",Gorlice,Hallera,38,42%,69,5,65,7,51,6,48,4,33,65,5,33,43,5,67,7,0,,0,,0,
91,gorlicki,m.Gorlice,"Gimnazjum nr 5 im. ks. Jana Twardowskiego wGorlicach",Gorlice,Krakowska,52,19%,67,%5,60,6,51,6,57,7,47,74,6,47,62,5,48,4,0,,0,,0,
92,gorlicki,m.Gorlice,"Gimnazjum nr 3 w Miejskim Zespole Szkół nr 3im. Św. Jana Kantego w Gorlicach",Gorlice,Wyszyńskiego,23,4%,71,6,56,5,46,5,51,5,23,70,6,23,47,0,,,0,,0,,0,
93,gorlicki,Biecz,Gimnazjum Nr 1 w Bieczu,Biecz,Grodzka,36,14%,75,7,64,7,47,6,54,6,36,72,6,36,51,0,,,0,,0,,0,
94,gorlicki,Biecz,"Publiczne Gimnazjum im. prof. A. Kosiby wLibuszy",Libusza,,42,14%,70,5,63,6,44,5,51,5,40,66,5,40,47,2,59,,1,53,0,,0,
95,gorlicki,Biecz,Publiczne Gimnazjum w Strzeszynie,Strzeszyn,,17,18%,69,5,68,7,53,7,67,8,16,58,4,16,38,1,78,,1,60,0,,0,
96,gorlicki,Biecz,"Publiczne Gimnazjum im. Tadeusza Kościuszki wRożnowicach",Rożnowice,,33,12%,69,5,63,6,48,6,56,7,11,67,5,11,50,22,60,6,12,31,0,,0,
97,gorlicki,Biecz,"Gimnazjum nr 2 im. Wacława Potockiego wBieczu",Biecz,Bochniewicza,24,0%,73,6,66,7,53,7,53,6,24,64,5,24,47,0,,,0,,0,,0,
98,gorlicki,Bobowa,Gimnazjum w Brzanie,Brzana,,28,11%,59,3,53,4,40,4,46,4,28,42,2,28,25,0,,,0,,0,,0,
99,gorlicki,Bobowa,Gimnazjum,Bobowa,"BohaterówBobowej",55,25%,67,5,58,5,47,6,47,4,55,62,5,55,40,0,,,0,,0,,0,
100,gorlicki,Bobowa,Gimnazjum im. ks. Jana Reca w Siedliskach,Siedliska,,34,18%,68,5,56,5,45,5,49,5,34,59,4,34,34,0,,,0,,0,,0,
101,gorlicki,Gorlice,Gimnazjum w Zespole Szkół w Ropicy Polskiej,Ropica Polska,,19,11%,79,8,64,7,60,8,62,8,18,57,4,18,42,1,93,,1,75,0,,0,
102,gorlicki,Gorlice,"Gimnazjum im. Komisji Edukacji Narodowej wZagórzanach",Zagórzany,,17,24%,75,7,64,7,52,7,54,6,17,69,6,17,45,0,,,0,,0,,0,
103,gorlicki,Gorlice,Zespół Szkół w Dominikowicach - Gimnazjum,Dominikowice,,14,0%,79,8,69,8,55,7,66,8,14,74,6,14,62,0,,,0,,0,,0,
104,gorlicki,Gorlice,"Gimnazjum im. św. Jana Pawła II w Zespole Szkółw Szymbarku",Szymbark,,29,31%,71,6,59,5,51,6,50,5,28,61,5,28,41,0,,,0,,0,,0,
105,gorlicki,Gorlice,Publiczne Gimnazjum w Kobylance,Kobylanka,,19,21%,74,7,69,8,53,7,55,6,19,65,5,19,44,0,,,0,,0,,0,
106,gorlicki,Gorlice,Gimnazjum w Kwiatonowicach,Kwiatonowice,,10,10%,58,3,54,4,44,5,57,7,10,59,4,10,36,0,,,0,,0,,0,
107,gorlicki,Gorlice,"Zespół Szkół w Bystrej - Gimnazjum im. JuliuszaSłowackiego",Bystra,,14,7%,60,3,57,%5,35,3,49,5,14,43,2,14,25,0,,,0,,0,,0,
108,gorlicki,Gorlice,"Gimnazjum im. Świętej Jadwigi Królowej wKlęczanach",Klęczany,,19,58%,71%,6,58,5,40,4,55,6,19,68,6,19,50,0,,,0,,0,,0,
109,gorlicki,Gorlice,Gimnazjum im. Jana Pawła II w Stróżówce,Stróżówka,,19,11%,73,6,66,7,49,6,58,7,18,65,5,18,48,2,80,,2,58,0,,0,
110,gorlicki,Lipinki,"Zespół Szkół w Krygu Publiczne Gimnazjum św.Jadwigi Królowej",Kryg,,15,0%,63,4,50,3,35,3,46,4,9,48,3,0,,6,58,6,6,28,0,,0,
111,gorlicki,Lipinki,"Publiczne Gimnazjum im. ks. Jana Patrzyka wLipinkach",Lipinki,,49,10%,61,3,53,4,42,5,47,4,31,57,4,29,39,18,43,3,3,28,0,,0,
112,gorlicki,Łużna,Publiczne Gimnazjum w Łużnej,Łużna,,50,16%,69,5,58,5,44,5,54,6,25,67,5,25,53,25,61,6,0,,0,,0,
113,gorlicki,Łużna,Publiczne Gimnazjum w Szalowej,Szalowa,,33,15%,72,6,61,6,46,5,54,6,32,63,5,32,43,1,30,,1,15,0,,0,
114,gorlicki,Moszczenica,Gimnazjum w Moszczenicy,Moszczenica,,40,25%,66,4,58,5,42,5,53,6,40,65,5,40,48,0,,,0,,0,,0,
115,gorlicki,Ropa,Gimnazjum w Ropie,Ropa,,72,13%,68,5,53,4,42,5,50,5,56,47,2,56,29,16,54,5,16,30,0,,0,
116,gorlicki,Sękowa,Publiczne Gimnazjum w Sękowej,Sękowa,,31,29%,73,6,63,6,45,5,53,6,27,63,5,27,43,4,44,,0,,0,,0,
117,gorlicki,Sękowa,"Publiczne Gimnazjum im. Władysława Długoszaw Siarach",Siary,,19,16%,57,3,52,4,44,5,50,5,19,52,3,19,34,0,,,0,,0,,0,
118,gorlicki,Uście Gorlickie,Gimnazjum w Uściu Gorlickim,Uście Gorlickie,,57,2%,70,5,59,5,46,5,52,5,44,61,5,44,43,13,68,7,13,43,0,,0,
119,gorlicki,Uście Gorlickie,Gimnazjum w Brunarach,Brunary,,22,0%,56,2,43,2,33,3,41,2,18,42,2,18,25,4,48,,4,9,0,,0,
120,krakowski,Czernichów,Gimnazjum w Czernichowie,Czernichów,,45,20%,77,7,65,7,48,6,54,6,45,66,5,45,44,0,,,0,,0,,0,
121,krakowski,Czernichów,Gimnazjum im. Królowej Jadwigi w Rybnej,Rybna,Szkolna,41,17%,63,4,54,4,53,7,53,6,40,58,4,40,36,1,90,,0,,0,,0,
122,krakowski,Czernichów,"Gimnazjum, im. ks. Stanisława Słotwińskiego",Kamień,,35,26%,63,4,56,5,37,4,51,5,35,57,4,35,34,0,,,0,,0,,0,
123,krakowski,Czernichów,Gimnazjum w Wołowicach,Wołowice,,26,15%,71,6,62,6,48,6,59,7,26,72,6,26,47,0,,,0,,0,,0,
124,krakowski,"Igołomia-Wawrzeńczyce",Gimnazjum w Wawrzeńczycach,Wawrzeńczyce,,41,17%,69,5,63,6,48,6,54,6,41,60,4,41,41,0,,,0,,0,,0,
125,krakowski,"Igołomia-Wawrzeńczyce",Gimnazjum w Igołomi,Igołomia,,31,10%,70,5,60,6,51,6,54,6,30,59,4,30,41,0,,,0,,0,,0,
126,krakowski,Iwanowice,Gimnazjum w Iwanowicach,"IwanowiceWłościańskie",,42,14%,70,5,58,5,42,5,49,5,42,61,5,42,43,0,,,0,,0,,0,
127,krakowski,Iwanowice,Publiczne Gimnazjum w Poskwitowie,Poskwitów,,15,13%,74,7,69,8,58,7,60,7,15,71,6,15,52,0,,,0,,0,,0,
128,krakowski,Iwanowice,"Publiczne Gimnazjum im. Świętej JadwigiKrólowej w Naramie",Narama,Centralna,13,38%,75,7,64,7,48,6,55,6,13,63,5,13,50,0,,,0,,0,,0,
129,krakowski,Iwanowice,Gimnazjum im. Noblistów Polskich,"GrzegorzowiceWielkie",,16,13%,74,7,69,8,50,6,58,7,16,64,5,16,43,0,,,0,,0,,0,
130,krakowski,"Jerzmanowice-Przeginia","Zespół Szkół - Publiczne Gimnazjum Nr 1 im.Akademii Krakowskiej w Jerzmanowicach",Jerzmanowice,,63,19%,%74,7,65,7,44,5,55,6,62,65,5,62,46,1,85,,1,50,0,,0,
131,krakowski,"Jerzmanowice-Przeginia",Publiczne Gimnazjum nr 2 w Przegini,Przeginia,,57,44%,64,4,52,4,44,5,50,5,47,52,3,47,32,10,84,9,0,,0,,0,
132,krakowski,"Kocmyrzów-Luborzyca","Gimnazjum im. św. Jadwigi Królowej wLuborzycy","WysiołekLuborzycki",,132,20%,68,5,57,5,43,5,51,5,125,61,5,125,39,7,68,7,1,98,0,,0,
133,krakowski,Krzeszowice,"Publiczne Gimnazjum im. Adama Mickiewicza wKrzeszowicach",Krzeszowice,Długa,121,29%,74,7,65,7,48,6,56,7,120,71,6,120,52,0,,,0,,0,,0,
134,krakowski,Krzeszowice,Zespół Szkół - Gimnazjum w Zalasiu,Zalas,,32,22%,68,5,63,6,41,4,55,6,32,61,5,32,34,0,,,0,,0,,0,
135,krakowski,Krzeszowice,"Zespół Szkół im. M. Konopnickiej w Nowej -Górze Gimnazjum",Nowa Góra,,43,37%,73,6,63,6,53,7,54,6,31,76,7,31,55,12,52,5,0,,0,,0,
136,krakowski,Krzeszowice,"Zespół Placówek Oświatowych w WoliFilipowskiej - Publiczne Gimnazjum w WoliFilipowskiej","WolaFilipowska",Szkolna,43,33%,79,8,65,7,61,8,59,7,43,70,6,43,49,0,,,0,,0,,0,
137,krakowski,Liszki,Gimnazjum im. św. Jana Kantego w Liszkach,Liszki,,48,21%,70,5,53,4,38,4,48,4,47,56,4,47,36,2,71,,0,,0,,0,
138,krakowski,Liszki,Gimnazjum w Mnikowie,Mników,,43,26%,77,7,65,7,49,6,57,7,32,76,7,32,60,11,63,7,0,,0,,0,
139,krakowski,Michałowice,"Gimnazjum im. Ks. Jana Długosza wRaciborowicach",Raciborowice,Jana Długosza,25,24%,74,7,66,7,51,6,59,7,25,69,6,25,50,0,,,0,,0,,0,
140,krakowski,Michałowice,"Zespół Szkół - Gimnazjum im. Wł. Jagiełły wWięcławicach Starych","WięcławiceStare",św. Jakuba,19,11%,69,5,57,5,50,6,51,5,19,72,6,19,48,0,,,0,,0,,0,
141,krakowski,Michałowice,Gimnazjum im. ks. kard. Adama Stefana Sapiehy,Michałowice,Jana Pawła II,44,27%,75,7,63,6,43,5,54,6,41,74,6,41,54,3,46,,0,,0,,0,
142,krakowski,Mogilany,Gimnazjum w Mogilanach,Mogilany,"Św. BartłomiejaApostoła",51,39%,76,7,69,8,56,7,59,7,50,77,7,50,61,1,75,,0,,0,,0,
143,krakowski,Mogilany,Gimnazjum im. Jana Pawła II w Gaju,Gaj,Szkolna,26,31%,66,4,59,5,49,6,51,5,25,57,4,25,34,1,58,,0,,0,,0,
144,krakowski,Skała,"Gimnazjum nr 1 z Oddziałami Integracyjnymi iSportowymi w Skale",Skała,"ks. StanisławaPołetka",79,28%,75,7,64,7,60,8,57,7,78,69,6,78,49,1,63,,0,,0,,0,
145,krakowski,Skawina,Katolickie Gimnazjum im. Jana Pawła II,Skawina,ks. Troski,56,23%,84,8,79,9,74,9,71,8,50,90,8,50,76,6,78,8,0,,0,,0,
146,krakowski,Skawina,"Gimnazjum Nr 1 z Oddziałami Integracyjnymi im.Noblistów Polskich",Skawina,"WincentegoWitosa",196,38%,70,5,62,6,49,6,55,6,190,70,6,190,47,2,59,,0,,4,69,0,
147,krakowski,Skawina,Gimnazjum Specjalne,Wielkie Drogi,,21,5%,41,2,36,2,24,2,31,1,21,37,1,21,16,0,,,0,,0,,0,
148,krakowski,Skawina,Gimnazjum nr 2,Skawina,Mickiewicza,96,39%,71%,6,60,6,47,6,57,7,96,58,4,96,37,0,,,0,,0,,0,
149,krakowski,Skawina,"Zespół Szkół Publicznych w Radziszowie -Gimnazjum im. Jana Pawła II",Radziszów,Szkolna,64,38%,71,6,58,5,46,5,52,5,64,58,4,64,39,0,,,0,,0,,0,
150,krakowski,Słomniki,"Prywatne Gimnazjum im. Jana Pawła II wSmrokowie",Smroków,,16,38%,63,4,55,4,44,5,48,4,16,46,2,16,27,0,,,0,,0,,0,
151,krakowski,Słomniki,"Publiczne Gimnazjum im. Kazimierza Wielkiegow Słomnikach",Słomniki,"Świerczewskiego",49,14%,71,6,69,8,49,6,58,7,46,67,5,46,43,3,44,,0,,0,,0,
152,krakowski,Słomniki,Prywatne Gimnazjum w Kacicach,Kacice,,10,0%,72,6,63,6,60,8,51,5,10,53,3,10,36,0,,,0,,0,,0,
153,krakowski,Słomniki,Publiczne Gimnazjum w Prandocinie,Prandocin,,23,0%,73,6,59,5,49,6,50,5,23,67,5,23,45,0,,,0,,0,,0,
154,krakowski,Słomniki,"Publiczne Gimnazjum im. T. Kościuszki wNiedźwiedziu",Niedźwiedź,,20,0%,78,7,65,7,38,4,54,6,19,72,6,19,58,0,,,0,,1,45,0,
155,krakowski,Sułoszowa,Gimnazjum w Sułoszowej,Sułoszowa,Szkolna,43,26%,71,6,59,5,51,6,51,5,42,59,4,42,37,1,23,,0,,0,,0,
156,krakowski,Świątniki Górne,Gimnazjum im. Biblioteki Polskiej w Paryżu,"ŚwiątnikiGórne",Bruchnalskiego,130,25%,71,6,65,7,57,7,55,6,130,70,6,130,53,0,,,0,,0,,0,
157,krakowski,Wielka Wieś,"Gimnazjum im. ks. Jana Twardowskiego wBiałym Kościele",Biały Kościół,Krakowska,38,37%,78,7,66,7,55,7,56,7,35,75,7,35,57,3,57,,0,,0,,0,
158,krakowski,Wielka Wieś,"Zespół Szkolno-Przedszkolny w Modlnicy,Gimnazjum w Modlnicy im.Oskara Kolberga",Modlnica,Sportowa,39,36%,78,7,72,8,58,7,56,7,38,73,6,38,54,1,58,,0,,0,,0,
159,krakowski,Zabierzów,"Zespół Szkół w Rudawie - Gimnazjum zOddziałami Integracyjnymi im. HenrykaSienkiewicza w Rudawie",Rudawa,"StanisławaPolaczka",42,31%,74,7,69,8,54,7,59,7,32,75,7,32,58,10,55,5,1,75,0,,0,
160,krakowski,Zabierzów,Zespół Szkół w Rząsce - Gimnazjum,Rząska,Krakowska,35,26%,73,6,64,7,51,6,56,7,25,84,8,25,67,11,48,4,0,,0,,0,
161,krakowski,Zabierzów,Gimnazjum im. Jana Matejki w Zabierzowie,Zabierzów,Kolejowa,126,21%,76,7,66,7,51,6,56,7,119,78,7,119,59,7,67,7,1,70,0,,0,
162,krakowski,Zielonki,Gimnazjum w Bibicach,Bibice,"TadeuszaKościuszki",74,30%,79,8,73,8,56,7,64,8,73,85,8,73,69,1,73,,0,,0,,0,
163,krakowski,Zielonki,"Gimnazjum im. Józefa Piłsudskiego w WoliZachariaszowskiej","WolaZachariaszowska","ŚwiętegoFloriana",17,24%,72,6,61,6,59,7,58,7,17,64,5,17,43,0,,,0,,0,,0,
164,krakowski,Zielonki,Gimnazjum im. Jana Pawła II w Zielonkach,Zielonki,"Ks. JanaMichalika",61,21%,77,7,71,8,57,7,60,7,60,80,7,60,64,1,90,,0,,0,,0,
165,krakowski,Zielonki,Gimnazjum im. Jerzego Kukuczki w Korzkwi,Korzkiew,,34,26%,72,6,58,5,48,6,51,5,28,60,4,28,38,6,53,5,0,,0,,0,
166,limanowski,m. Limanowa,Gimnazjum nr 2 w Limanowej,Limanowa,Piłsudskiego,63,11%,76,7,65,7,51,6,55,6,62,75,7,62,58,1,75,,0,,0,,0,
167,limanowski,m. Limanowa,Gimnazjum Nr 1,Limanowa,"MariiKonopnickiej",47,34%,83,8,67,7,60,8,60,7,47,77,7,47,56,0,,,0,,0,,0,
168,limanowski,m. Limanowa,Gimnazjum nr 4 w Limanowej,Limanowa,Reymonta,21,10%,70%,5,54,4,51,6,52,5,19,69,6,19,48,2,45,,0,,0,,0,
169,limanowski,m. Limanowa,Gimnazjum nr 3 w Limanowej,Limanowa,Jordana,98,20%,76,7,60,6,54,7,54,6,96,67,5,96,48,2,36,,0,,0,,0,
170,limanowski,m. Mszana Dolna,Gimnazjum,Mszana Dolna,Fabryczna,6,0%,26,1,40,2,22,2,40,2,4,29,,4,13,0,,,0,,0,,0,
171,limanowski,m. Mszana Dolna,"Gimnazjum Miejskie nr 2 im. Jana Pawła II wMszanie Dolnej",Mszana Dolna,Rynek,69,20%,66,%4,57,5,43,5,51,5,60,59,4,60,38,9,63,7,0,,0,,0,
172,limanowski,m. Mszana Dolna,Gimnazjum Miejskie nr 1,Mszana Dolna,Sienkiewicza,46,24%,76,7,63,6,56,7,51,5,42,70,6,42,48,4,42,,0,,0,,0,
173,limanowski,Dobra,Publiczne Gimnazjum w Dobrej,Dobra,,39,8%,77,7,61,6,45,5,52,5,35,54,3,35,38,4,71,,4,49,0,,0,
174,limanowski,Dobra,Publiczne Gimnazjum w Skrzydlnej,Skrzydlna,,15,20%,61,3,51,3,34,3,44,3,11,62,5,11,37,4,30,,0,,0,,0,
175,limanowski,Dobra,Gimnazjum Publiczne w Jurkowie,Jurków,,38,16%,68,5,54,4,41,4,48,4,31,60,4,31,33,7,36,2,0,,0,,0,
176,limanowski,Jodłownik,Gimnazjum w Wilkowisku,Wilkowisko,,12,8%,68,5,61,6,39,4,47,4,10,58,4,10,33,2,46,,0,,0,,0,
177,limanowski,Jodłownik,Publiczne Gimnazjum w Jodłowniku,Jodłownik,,26,27%,74,7,74,8,49,6,62,8,26,59,4,26,36,0,,,0,,0,,0,
178,limanowski,Jodłownik,"Gimnazjum Publiczne im. Jana Pawła II w Sadku-Kostrzy",Sadek - Kostrza,,26,27%,77,7,65,7,55,7,55,6,21,66,5,21,51,5,58,6,0,,0,,0,
179,limanowski,Kamienica,Gimnazjum w Kamienicy,Kamienica,,72,17%,64,4,52,4,39,4,43,3,72,54,3,72,35,0,,,0,,0,,0,
180,limanowski,Kamienica,"Gimnazjum im. 1 Pułku Strzelców PodhalańskichArmii Krajowej w Szczawie",Szczawa,,24,25%,72,6,65,7,49,6,57,7,24,59,4,24,41,0,,,0,,0,,0,
181,limanowski,Kamienica,Gimnazjum w Zalesiu,Zalesie,,14,7%,69,5,59,5,44,5,48,4,14,57,4,14,38,0,,,0,,0,,0,
182,limanowski,Laskowa,Publiczne Gimnazjum im. Janusza Korczaka,Laskowa,,63,11%,69,5,60,6,49,6,52,5,63,63,5,63,43,0,,,0,,0,,0,
183,limanowski,Laskowa,"Zespół Szkół - Publiczne Gimnazjum wUjanowicach im. Świętej Kingi",Ujanowice,,41,24%,68,5,61,6,58,7,50,5,39,49,3,39,31,2,49,,0,,0,,0,
184,limanowski,Limanowa,Publiczne Gimnazjum w Pasierbcu,Pasierbiec,,21,24%,72,6,55,4,52,7,51,5,18,56,4,18,33,2,66,,0,,0,,0,
185,limanowski,Limanowa,Publiczne Gimnazjum,Męcina,,60,12%,69,5,52,4,44,5,47,4,60,59,4,60,38,0,,,0,,0,,0,
186,limanowski,Limanowa,"Zespół Szkół im. St. Wyspiańskiego w Rupniowie -Publiczne Gimnazjum w Rupniowie I",Rupniów,,34,32%,78,7,66,7,46,5,51,5,34,57,4,34,31,0,,,0,,0,,0,
187,limanowski,Limanowa,Publiczne Gimnazjum w Pisarzowej,Pisarzowa,,52,33%,72,6,64,7,54,7,56,7,41,57,4,41,42,11,43,3,1,100,0,,0,
188,limanowski,Limanowa,"Zespół Szkół Nr 1 w Starej Wsi PubliczneGimnazjum Nr 1 w Starej Wsi",Stara Wieś,,23,43%,61,3,54,4,47,6,46,4,23,53,3,23,32,0,,,0,,0,,0,
189,limanowski,Limanowa,Publiczne Gimnazjum w Mordarce,Mordarka,,48,25%,73,6,59,5,44,5,51,5,38,55,4,38,33,10,56,6,0,,0,,0,
190,limanowski,Limanowa,"Zespół Szkół im. Stanisława Konarskiego w StarejWsi II - Gimnazjum Publiczne w Starej Wsi II",Stara Wieś,,33,33%,71,6,56,5%,44,5,50,5,33,44,2,33,23,0,,,0,,0,,0,
191,limanowski,Łukowica,Gimnazjum im. Michała Sędziwoja w Łukowicy,Łukowica,,83,19%,70%,5,59,5,51,6,53,6,78,58,4,78,38,5,39,3,0,,0,,0,
192,limanowski,Łukowica,Zespół Szkół w Przyszowej - Gimnazjum,Przyszowa,,49,14%,64,4,55,4,42,5,51,5,41,54,3,41,31,8,40,3,0,,0,,0,
193,limanowski,Mszana Dolna,"Gimnazjum Nr 1 im. Kard. Stefana Wyszyńskiegow Kasinie Wielkiej",Kasina Wielka,,27,4%,66,4,55,4,42,5,53,6,21,62,5,21,43,6,37,2,1,25,0,,0,
194,limanowski,Mszana Dolna,"Zespół Placówek Oświatowych, Gimnazjum nr 4im. ks. prof. Józefa Tischnera w Mszanie Górnej",Mszana Górna,,76,13%,64,%4,55,4,44,5,51,5,76,48,3,76,25,0,,,0,,0,,0,
195,limanowski,Mszana Dolna,"Gimnazjum nr 2 w Kasince Małej im. KsiędzaKanonika Stanisława Urygi",Kasinka Mała,,50,18%,67,5,66,7,46,5,52,5,50,55,4,50,35,0,,,0,,0,,0,
196,limanowski,Mszana Dolna,"Zespół Placówek Oświatowych w Rabie Niżnej -Gimnazjum Nr 3 im. Jana Pawła II",Raba Niżna,,37,5%,73,6,69,8,48,6,53,6,37,65,5,37,46,0,,,0,,0,,0,
197,limanowski,Niedźwiedź,ZSz - Gimnazjum Publiczne w Porębie Wielkiej,Poręba Wielka,,31,3%,67,5,61,6,43,5,48,4,29,53,3,29,32,2,63,,2,48,0,,0,
198,limanowski,Niedźwiedź,"Zespół Placówek Oświatowych im. Jana Pawła II -Gimnazjum Publiczne",Podobin,,20,25%,59,3,50,3,36,3,50,5,18,50,3,18,27,2,18,,0,,0,,0,
199,limanowski,Niedźwiedź,"Gimnazjum Publiczne im. KatarzynySmreczyńskiej",Konina,,22,14%,63,4,52,4,35,3,44,3,22,47,2,22,26,0,,,0,,0,,0,
200,limanowski,Słopnice,Gimnazjum w Słopnicach,Słopnice,,122,32%,67,5,56,5,47,6,52,5,113,54,3,113,35,9,51,5,0,,0,,0,
201,limanowski,Tymbark,Gimnazjum Samorządowe w Tymbarku,Tymbark,Rynek,58,19%,71,6,61,6,53,7,51,5,57,56,4,57,34,1,60,,0,,0,,0,
202,limanowski,Tymbark,Niepubliczne Gimnazjum im. Jana Pawła II,Piekiełko,,23,26%,68,5,56,5,45,5,49,5,23,54,3,23,36,0,,,0,,0,,0,
203,miechowski,Charsznica,"Gimnazjum im. Antoniego Malatyńskiego wCharsznicy","Miechów-Charsznica",Szkolna,49,22%,70,5,52,4,41,4,49,5,49,62,5,49,43,0,,,0,,0,,0,
204,miechowski,Charsznica,Zespół Szkół w Tczycy Gimnazjum,Tczyca,,17,24%,78,7,61,6,46,5,53,6,17,65,5,17,46,0,,,0,,0,,0,
205,miechowski,Gołcza,Gimnazjum w Gołczy,Gołcza,,63,3%,68,5,53,4,50,6,55,6,63,57,4,63,36,0,,,0,,0,,0,
206,miechowski,Kozłów,Gminny Zespół Szkół w Kozłowie - Gimnazjum,Kozłów,,25,12%,71,6,51,3,44,5,55,6,25,61,5,25,43,0,,,0,,0,,0,
207,miechowski,Książ Wielki,"Gimnazjum im. Stefana Żechowskiego w KsiążuWielkim",Książ Wielki,M. Reja,44,25%,67,5,59,5,44,5,52,5,42,59,4,42,39,2,70,,0,,0,,0,
208,miechowski,Miechów,"Gimnazjum Nr 1 im. Macieja Miechowity wMiechowie",Miechów,"Os. Gen.Sikorskiego",149,18%,68,5,61,6,46,5,57,7,146,59,4,146,41,3,42,,0,,0,,0,
209,miechowski,Miechów,Prywatne Gimnazjum OMEGA,Miechów,Konopnickiej,8,25%,75,7,57,5,59,7,57,7,8,72,6,8,57,0,,,0,,0,,0,
210,miechowski,Miechów,"Niepubliczne Gimnazjum w Miechowie ZakładuDoskonalenia Zawodowego w Kielcach",Miechów,Ks. Skorupki,21,10%,73%,6,57,5,34,3,49,5,21,75,7,21,50,0,,,0,,0,,0,
211,miechowski,Racławice,"Gimnazjum im. Tadeusza Kościuszki wRacławicach",Racławice,,21,38%,64,4,54,4,45,5,44,3,21,62,5,21,39,0,,,0,,0,,0,
212,miechowski,Słaboszów,Gimnazjum w Dziaduszycach,Dziaduszyce,,38,24%,65,4,59,5,36,3,49,5,36,50,3,36,28,2,55,,2,34,0,,0,
213,myślenicki,Dobczyce,Gimnazjum im. Jana Pawła II w Dobczycach,Dobczyce,Szkolna,151,16%,68,5,56,5,46,5,49,5,138,66,5,138,45,13,61,6,13,35,0,,0,
214,myślenicki,Lubień,"Gimnazjum im. Sługi Bożego Ks. Michała Rapaczaw Tenczynie",Tenczyn,,28,4%,71,6,56,5,48,6,49,5,13,63,5,13,46,15,54,5,0,,0,,0,
215,myślenicki,Lubień,Gimnazjum im. Jana Pawła II w Lubniu,Lubień,,51,18%,72,6,61,6,57,7,57,7,47,76,7,46,60,4,52,,0,,0,,0,
216,myślenicki,Lubień,"Gimnazjum im. Henryka Łasaka w SkomielnejBiałej","SkomielnaBiała",,36,6%,72,6,62,6,50,6,52,5,25,74,6,25,58,11,43,3,0,,0,,0,
217,myślenicki,Myślenice,Gimnazjum nr 1,Myślenice,"JanaSobieskiego",166,13%,77,7,71,8,65,8,61,8,150,81,7,143,64,16,68,7,16,44,0,,0,
218,myślenicki,Myślenice,Gimnazjum Nr 2 im. Jana Pawła II w Myślenicach,Myślenice,"StanisławaPardyaka",66,12%,77,7,66,7,46,5,58,7,56,73,6,56,54,10,73,8,10,38,0,,0,
219,myślenicki,Myślenice,Publiczne Gimnazjum w Trzemeśni,Trzemeśnia,,55,20%,72,6,59,5,47,6,51,5,55,58,4,55,34,0,,,0,,0,,0,
220,myślenicki,Myślenice,"Gimnazjum im. św. Jadwigi Królowej wKrzyszkowicach",Krzyszkowice,,36,14%,78,7,69,8,49,6,57,7,28,74,6,28,50,8,51,5,0,,0,,0,
221,myślenicki,Myślenice,Gimnazjum w Bysinie,Bysina,,22,23%,73,6,62,6,46,5,55,6,22,60,4,22,36,0,,,0,,0,,0,
222,myślenicki,Myślenice,"Publiczne Gimnazjum im. Ks. JanaTwardowskiego w Jaworniku",Jawornik,,64,19%,76,7,65,7,54,7,59,7,42,76,7,42,54,22,48,4,0,,0,,0,
223,myślenicki,Myślenice,Gimnazjum nr 3 im. Marsz. Józefa Piłsudskiego,Myślenice,Zdrojowa,71,27%,71,6,61,6,45,5,54,6,71,65,5,71,40,0,,,0,,0,,0,
224,myślenicki,Myślenice,Publiczne Gimnazjum w Głogoczowie,Głogoczów,,30,27%,69,5,62,6,44,5,59,7,21,56,4,21,33,9,64,7,0,,0,,0,
225,myślenicki,Pcim,"Publiczne Gimnazjum nr 3 im. ks. JanaTwardowskiego",Trzebunia,,34,18%,72,6,60,6,61,8,56,7,29,73,6,29,60,5,43,3,0,,0,,0,
226,myślenicki,Pcim,"Publiczne gimnazjum nr 1 im. Jana Pawła II wPcimiu",Pcim,,54,6%,64,4,57,5,52,7,50,5,54,63,5,54,42,0,,,0,,0,,0,
227,myślenicki,Pcim,Publiczne Gimnazjum nr 2,Stróża,,29,21%,70,5,57,5,45,5,46,4,25,64,5,25,41,4,43,,0,,0,,0,
228,myślenicki,Raciechowice,Publiczne Gimnazjum nr 1 w Raciechowicach,Raciechowice,,44,20%,70,5,55,4,48,6,55,6,43,59,4,43,38,1,50,,0,,0,,0,
229,myślenicki,Raciechowice,Gimnazjum,Gruszów,,22,14%,70,5,64,7,48,6,52,5,19,67,5,19,51,3,40,,0,,0,,0,
230,myślenicki,Raciechowice,Publiczne Gimnazjum w Krzesławicach,Krzesławice,,9,11%,63,4,61,6,47,6,54,6,8,52,3,8,29,1,48,,0,,0,,0,
231,myślenicki,Siepraw,Gimnazjum w Sieprawiu,Siepraw,"ks. JanaPrzytockiego",95,24%,77,7,59,5,53,7,53,6,95,66,5,95,46,0,,,0,,0,,0,
232,myślenicki,Sułkowice,"Gimnazjum im. Stefana Kardynała Wyszyńskiegow Sułkowicach",Sułkowice,Sportowa,103,8%,69%,5,58,5,43,5,48,4,102,59,4,102,37,1,60,,0,,0,,0,
233,myślenicki,Sułkowice,Gimnazjum w Krzywaczce,Krzywaczka,,24,25%,75,7,67,7,60,8,60,7,24,64,5,24,44,0,,,0,,0,,0,
234,myślenicki,Sułkowice,"Gimnazjum im. Króla Kazimierza III Wielkiego wRudniku",Rudnik,Szkolna,37,16%,71,6,59,5,47,6,56,7,37,61,5,37,35,0,,,0,,0,,0,
235,myślenicki,Tokarnia,Gimnazjum im. H. Sienkiewicza w Krzczonowie,Krzczonów,,50,6%,71,6,62,6,45,5,53,6,49,62,5,49,40,1,90,,0,,0,,0,
236,myślenicki,Tokarnia,"Gimnazjum im. Księdza Kardynała StefanaWyszyńskiego Prymasa Tysiąclecia w Tokarni",Tokarnia,,52,6%,71,6,56,5,39,4,51,5,33,58,4,29,40,19,66,7,19,36,0,,0,
237,myślenicki,Wiśniowa,"Zespół Placówek Oświatowych w Wiśniowej -Gimnazjum w Wiśniowej",Wiśniowa,,49,16%,70,5,60,6,48,6,52,5,49,71,6,49,49,0,,,0,,0,,0,
238,myślenicki,Wiśniowa,Gimnazjum w Węglówce,Węglówka,,21,10%,71,6,60,6,40,4,51,5,21,65,5,21,46,0,,,0,,0,,0,
239,nowosądecki,m.Grybów,"Gimnazjum im. ks. Stanisława Konarskiego wGrybowie",Grybów,Węgierska,88,18%,67,5,57,5,44,5,49,5,68,66,5,68,43,20,40,3,0,,0,,0,
240,nowosądecki,Chełmiec,Gimnazjum w Marcinkowicach,Marcinkowice,,24,17%,76,7,56,5,42,5,53,6,23,69,6,23,50,1,60,,0,,0,,0,
241,nowosądecki,Chełmiec,"Zespół Szkół w Chomranicach - Gimnazjum im.Św. Jana Pawła II",Chomranice,,40,18%,73,6,60,6,50,6,53,6,39,60,4,39,39,1,53,,0,,0,,0,
242,nowosądecki,Chełmiec,Gimnazjum w Piątkowej,Piątkowa,,23,4%,71,6,61,6,54,7,60,7,23,61,5,23,40,0,,,0,,0,,0,
243,nowosądecki,Chełmiec,Gimnazjum im. gen. Józefa Gizy w Wielogłowach,Wielogłowy,,37,16%,71,6,56,5,43,5,49,5,37,55,4,37,39,0,,,0,,0,,0,
244,nowosądecki,Chełmiec,Gimnazjum w Chełmcu,Chełmiec,Marcinkowicka,80,5%,76,7,65,7,55,7,52,5,80,69,6,80,49,0,,,0,,0,,0,
245,nowosądecki,Chełmiec,Gimnazjum im. Stanisława Wyspiańskiego,Paszyn,,26,8%,72,6,56,5,46,5,52,5,26,53,3,26,31,0,,,0,,0,,0,
246,nowosądecki,Chełmiec,Gimnazjum im. bł. ks. Jerzego Popiełuszki,Świniarsko,,53,8%,70,5,60,6,44,5,51,5,53,63,5,53,48,0,,,0,,0,,0,
247,nowosądecki,Chełmiec,"Gimnazjum im. gen. Michała Gałązki wTrzetrzewinie",Trzetrzewina,,27,0%,68,5,51,3,39,4,48,4,15,58,4,15,37,12,51,5,0,,0,,0,
248,nowosądecki,Chełmiec,"Zespół Szkół w Librantowej - Gimnazjumim.Józefa Bieńka",Librantowa,,19,16%,72,6,57,5,56,7,48,4,19,55,4,19,33,0,,,0,,0,,0,
249,nowosądecki,Chełmiec,"Gimnazjum im. s. Czesławy Lorek w BiczycachDolnych",Biczyce Dolne,,21,14%,69,5,51,3,47,6,53,6,16,71,6,16,52,5,43,3,0,,0,,0,
250,nowosądecki,"Gródek nadDunajcem","Gimnazjum Nr 3 im. Bł. ks. Jerzego Popiełuszki wJelnej",Jelna,,19,16%,71,6,67,%7,56,7,59,7,19,54,3,19,37,0,,,0,,0,,0,
251,nowosądecki,"Gródek nadDunajcem","Zespół Szkół - Gimnazjum Nr 2 w PodoluGórowej","Podole-Górowa",,15,7%,80%,8,68,7,61,8,59,7,15,74,6,15,54,0,,,0,,0,,0,
252,nowosądecki,"Gródek nadDunajcem","Zespół Szkół Szkoła Podstawowa i Gimnazjum nr1 w Rożnowie - Gimnazjum nr 1 w Rożnowie",Rożnów,,37,16%,73,6,65,7,50,6,48,4,37,63,5,37,44,0,,,0,,0,,0,
253,nowosądecki,"Gródek nadDunajcem",Gimnazjum nr 5,"Gródek nadDunajcem",,17,12%,76,%7,63,6,51,6,57,7,14,61,5,14,44,3,49,,0,,0,,0,
254,nowosądecki,"Gródek nadDunajcem",Zespół Szkół - Gimnazjum nr 4 w Przydonicy,Przydonica,,14,0%,66,4,54,4,45,5,51,5,14,57,4,14,40,0,,,0,,0,,0,
255,nowosądecki,Grybów,"Gimnazjum im. Cichociemnych SpadochroniarzyAK w Stróżach",Stróże,,64,9%,66,4,52,4,52,7,47,4,64,55,4,64,35,0,,,0,,0,,0,
256,nowosądecki,Grybów,Gimnazjum im. św. Jana Kantego w Białej Niżnej,Biała Niżna,,39,10%,75,7,66,7,45,5,59,7,39,61,5,39,46,0,,,0,,0,,0,
257,nowosądecki,Grybów,Gimnazjum im. Jana Pawła II we Florynce,Florynka,,49,6%,65,4,54,4,38,4,48,4,39,48,3,39,28,10,45,4,0,,0,,0,
258,nowosądecki,Grybów,"Gimnazjum im. Stanisława Wyspiańskiego wKrużlowej Wyżnej","KrużlowaWyżna",,45,9%,70,5,56,5,44,5,52,5,45,49,3,45,30,0,,,0,,0,,0,
259,nowosądecki,Grybów,Gimnazjum w Ptaszkowej,Ptaszkowa,,51,12%,76,7,71,8,50,6,56,7,51,68,6,51,43,0,,,0,,0,,0,
260,nowosądecki,Grybów,Gimnazjum w Kąclowej,Kąclowa,,35,0%,68,5,60,6,40,4,44,3,32,52,3,32,30,3,29,,0,,0,,0,
261,nowosądecki,Kamionka Wielka,"Gimnazjum Publiczne w Zespole SzkółPodstawowo - Gimnazjalnych w Mystkowie",Mystków,,23,0%,70,5,63,6,49,6,52,5,22,64,5,22,40,1,73,,0,,0,,0,
262,nowosądecki,Kamionka Wielka,"Zespół Szkół Podstawowo-Gimnazjalnych wKrólowej Górnej Gimnazjum Publiczne wKrólowej Górnej",Królowa Górna,,35,6%,70,5,57,5,47,6,52,5,35,56,4,35,30,0,,,0,,0,,0,
263,nowosądecki,Kamionka Wielka,Gimnazjum Publiczne w Kamionce Wielkiej,"KamionkaWielka",,39,10%,65,4,54,4,46,5,48,4,36,53,3,36,32,3,44,,0,,0,,0,
264,nowosądecki,Kamionka Wielka,Gimnazjum Publiczne w Mszalnicy,Mszalnica,,18,0%,64,4,53,4,39,4,44,3,18,66,5,18,50,0,,,0,,0,,0,
265,nowosądecki,Kamionka Wielka,Gimnazjum Publiczne Nr 2 w Kamionce Wielkiej,"KamionkaWielka",,17,0%,64,4,47,3,33,3,40,2,17,52,3,17,35,0,,,0,,0,,0,
266,nowosądecki,Korzenna,Gimnazjum im. Jana Pawła II w Korzennej,Korzenna,,84,6%,62,3,52,%4,53,7,49,5,82,50,3,82,29,2,63,,1,98,0,,0,
267,nowosądecki,Korzenna,Gimnazjum im. Jana Pawła II w Lipnicy Wielkiej,Lipnica Wielka,,22,5%,70%,5,55,4,51,6,51,5,22,49,3,22,26,0,,,0,,0,,0,
268,nowosądecki,Korzenna,"Zespół Szkół w Koniuszowej - Gimnazjum im.Generała Franciszka Gągora w Koniuszowej",Koniuszowa,,16,0%,72,6,66,7,48,6,54,6,16,63,5,16,37,0,,,0,,0,,0,
269,nowosądecki,Korzenna,"Gimnazjum im. Ks. Jerzego Popiełuszki wMogilnie",Mogilno,,31,0%,65,%4,49,3,36,3,45,3,31,36,1,31,15,0,,,0,,0,,0,
270,nowosądecki,Korzenna,"Gimnazjum im. Księdza Kardynała StefanaWyszyńskiego",Siedlce,,29,10%,69,5,56,5,40,4,48,4,28,58,4,28,36,1,73,,0,,0,,0,
271,nowosądecki,Krynica-Zdrój,"Publiczne Gimnazjum im. prof. dra J. Dietla wKrynicy-Zdroju",Krynica-Zdrój,Szkolna,90,17%,68,5,59,5,46,5,52,5,90,63,5,89,44,0,,,0,,0,,0,
272,nowosądecki,Krynica-Zdrój,Gimnazjum w Bereście,Berest,,20,25%,65,4,50,3,45,5,53,6,19,50,3,19,33,1,53,,0,,0,,0,
273,nowosądecki,Łabowa,"Zespół Szkolno - Gimnazjalny w ŁabowejPubliczne Gimnazjum im. Jana Pawła II wŁabowej",Łabowa,,85,29%,63,4,55,4,37,4,47,4,85,51,3,85,32,0,,,0,,0,,0,
274,nowosądecki,Łącko,"Zespół Szkolno-Gimnazjalny Gimnazjum wJazowsku",Jazowsko,,61,5%,67,5,57,5,42,5,44,3,43,55,4,43,33,18,68,7,0,,0,,0,
275,nowosądecki,Łącko,"Zespół Szkolno-Gimnazjalny - Gimnazjum wŁącku",Łącko,,111,15%,70,5,63,6,53,7,54,6,104,57,4,104,35,7,64,7,3,46,0,,0,
276,nowosądecki,Łącko,"Zespół Szkolno-Gimnazjalny Gimnazjum wZagorzynie",Zagorzyn,,35,3%,53,2,50,3,30,2,46,4,29,50,3,4,54,6,63,7,6,36,0,,0,
277,nowosądecki,Łososina Dolna,Gimnazjum w Tęgoborzy,Tęgoborze,,68,6%,70,5,60,6,46,5,48,4,67,53,3,67,34,1,55,,0,,0,,0,
278,nowosądecki,Łososina Dolna,"Zespół Szkół Podstawowo-Gimnazjalnych im.Jana Pawła II w Łososinie Dolnej - Gimnazjum",Łososina Dolna,,80,5%,68,5,62,6,44,5,52,5,80,58,4,80,41,0,,,0,,0,,0,
279,nowosądecki,Muszyna,"Gimnazjum im. Straży Granicznej IIRzeczpospolitej",Muszyna,Rynek,71,17%,62,3,56,5,44,5,51,5,61,69,6,61,47,10,50,5,0,,0,,0,
280,nowosądecki,Muszyna,Gimnazjum,Złockie,,40,20%,70,5,58,5,39,4,48,4,40,59,4,40,36,0,,,0,,0,,0,
281,nowosądecki,Muszyna,Gimnazjum w Powroźniku,Powroźnik,,27,19%,66,4,56,5,38,4,47,4,25,80,7,25,62,2,39,,0,,0,,0,
282,nowosądecki,Nawojowa,Publiczne Gimnazjum w Nawojowej,Nawojowa,Parkowa,94,9%,59,3,51,3,36,3,41,2,93,46,2,93,25,1,55,,0,,0,,0,
283,nowosądecki,Piwniczna-Zdrój,Gimnazjum Publiczne,"Piwniczna-Zdrój",Krynicka,72,10%,74,7,62,6,52,7,49,5,65,61,5,65,42,7,46,4,0,,0,,0,
284,nowosądecki,Piwniczna-Zdrój,Gimnazjum Publiczne w Łomnicy Zdroju,Łomnica-Zdrój,,47,2%,71%,6,65,7,44,5,51,5,47,65,5,47,43,0,,,0,,0,,0,
285,nowosądecki,Podegrodzie,"Zespół Szkół Podstawowo-Gimnazjalnych im. bł.O. St. Papczyńskiego w Podegrodziu - Gimnazjum",Podegrodzie,,104,10%,72,6%,61,6,47,6,50,5,101,59,4,101,36,3,62,,3,20,0,,0,
286,nowosądecki,Podegrodzie,"Gimnazjum im. św. Jadwigi - Królowej Polski wBrzeznej",Brzezna,,81,6%,66,4,60,6,38,4,48,4,76,49,3,76,27,5,39,3,0,,0,,0,
287,nowosądecki,Rytro,Gimnazjum im. Ks. Józefa Woźniackiego,Rytro,,41,2%,72,6,62,6,50,6,54,6,41,60,4,41,41,0,,,0,,0,,0,
288,nowosądecki,Stary Sącz,Gimnazjum im. Jana Pawła II w Gołkowicach,"GołkowiceGórne",,67,13%,72,6,56,5,46,5,51,5,39,68,6,39,48,28,42,3,0,,0,,0,
289,nowosądecki,Stary Sącz,"Gimnazjum im por. Andrzeja Buchmana ps.""Korsak"" w Barcicach",Barcice,,55,7%,68,5,61,6,45,5,55,6,55,57,4,55,37,0,,,0,,0,,0,
290,nowosądecki,Stary Sącz,"Gimnazjum im. Kardynała Stefana Wyszyńskiegow Przysietnicy",Przysietnica,,23,0%,69,5,62,6,55,7,56,7,23,60,4,23,40,0,,,0,,0,,0,
291,nowosądecki,Stary Sącz,Prywatne Gimnazjum,Stary Sącz,Partyzantów,19,11%,87,9,79,9,61,8,71,8,17,95,9,17,83,2,50,,0,,0,,0,
292,nowotarski,m. Nowy Targ,Gimnazjum nr 1 im. Tadeusza Kościuszki,Nowy Targ,"PlacSłowackiego",138,10%,72,6,64,7,47,6,53,6,134,67,5,134,48,4,75,,0,,0,,0,
293,nowotarski,m. Nowy Targ,Gimnazjum nr 2 Nowy Targ,Nowy Targ,Plac Evry,126,6%,72,6,61,6,48,6,54,6,122,71,6,122,52,5,52,5,0,,0,,0,
294,nowotarski,m. Nowy Targ,IV Gimnazjum Małopolskiego Centrum Edukacji,Nowy Targ,Nadwodnia,21,14%,74,7,67,7,54,7,61,8,21,82,7,21,61,0,,,0,,0,,0,
295,nowotarski,m. Nowy Targ,Publiczne Gimnazjum,Nowy Targ,Jana Pawła II,4,0%,40,,36,,22,,32,,4,36,,4,20,0,,,0,,0,,0,
296,nowotarski,Szczawnica,"Publiczne Gimnazjum im. ks. prof. JózefaTischnera w Szczawnicy",Szczawnica,Główna,50,28%,67,5,56,5,40,4,53,6,47,50,3,47,34,3,53,,3,22,0,,0,
297,nowotarski,Czarny Dunajec,Gimnazjum w Załucznem,Załuczne,,39,3%,62,3,59,5,47,6,46,4,39,42,2,39,26,0,,,0,,0,,0,
298,nowotarski,Czarny Dunajec,Gimnazjum im. Jana Pawła II w Cichem,Ciche,,20,10%,66,4,53,4,49,6,57,7,20,64,5,20,44,0,,,0,,0,,0,
299,nowotarski,Czarny Dunajec,Gimnazjum w Piekielniku,Piekielnik,,33,6%,70,5,61,6,52,7,53,6,33,66,5,33,44,0,,,0,,0,,0,
300,nowotarski,Czarny Dunajec,"Publiczne Gimnazjum Stow. Przyjaciół SzkółKatolickich w Starem Bystrem",Stare Bystre,,17,35%,73,6,59,5,43,5,56,7,17,57,4,17,32,0,,,0,,0,,0,
301,nowotarski,Czarny Dunajec,Gimnazjum w Czarnym Dunajcu,Czarny Dunajec,Jana Pawła II,67,4%,67,5,66,7,48,6,54,6,56,60,4,56,40,11,70,7,0,,0,,0,
302,nowotarski,Czarny Dunajec,"Katolickie Gimnazjum Integracyjne SPSK im. JanaPawła II",Czerwienne,,33,18%,50%,2,44,2,30,2,40,2,30,43,2,29,20,3,47,,0,,0,,0,
303,nowotarski,Czarny Dunajec,Gimnazjum w Ratułowie,Ratułów,,23,4%,66,4,54,4,39,4,47,4,23,58,4,23,34,0,,,0,,0,,0,
304,nowotarski,Czarny Dunajec,Gimnazjum Nr 1 w Cichem,Ciche,,19,11%,69,%5,53,4,42,5,51,5,19,63,5,19,44,0,,,0,,0,,0,
305,nowotarski,Czorsztyn,Gminne Publiczne Gimnazjum w Maniowach,Maniowy,Szkolna,51,18%,72,6,65,7,52,7,53,6,51,60,4,51,37,0,,,0,,0,,0,
306,nowotarski,Czorsztyn,"Gminne Publiczne Gimnazjum w SromowcachNiżnych","SromowceNiżne",Szkolna,37,11%,78,7,68,7,48,6,58,7,27,77,7,27,58,10,47,4,0,,0,,0,
307,nowotarski,Jabłonka,Gimnazjum im. Jana Pawła II w Zubrzycy Górnej,"ZubrzycaGórna",,41,2%,69,5,58,5,45,5,51,5,14,58,4,14,41,27,47,4,0,,0,,0,
308,nowotarski,Jabłonka,"Zespół Szkół w Podwilku - Gimnazjum wPodwilku",Podwilk,,16,13%,69,5,67,7,45,5,53,6,13,67,5,13,54,3,54,,0,,0,,0,
309,nowotarski,Jabłonka,Gimnazjum w Lipnicy Małej,Lipnica Mała,,53,2%,65,4,60,6,48,6,52,5,53,63,5,53,42,0,,,0,,0,,0,
310,nowotarski,Jabłonka,Gimnazjum w Zubrzycy Dolnej,Zubrzyca Dolna,,27,11%,66,4,56,5,51,6,53,6,14,73,6,14,48,13,50,5,0,,0,,0,
311,nowotarski,Jabłonka,Gimnazjum w Chyżnem,Chyżne,,12,0%,69,5,57,5,63,8,63,8,12,57,4,12,32,0,,,0,,0,,0,
312,nowotarski,Jabłonka,Gimnazjum w Orawce,Orawka,,17,0%,76,7,62,6,48,6,56,7,16,60,4,16,40,1,50,,0,,0,,0,
313,nowotarski,"Krościenko nadDunajcem","Publiczne Gimnazjum w Krościenku nadDunajcem",Krościenko,Biały Potok,67,7%,73,6,58,5,44,5,56,7,56,68,6,56,50,11,47,4,1,35,0,,0,
314,nowotarski,"Krościenko nadDunajcem",VI Gimnazjum Małopolskiego Centrum Edukacji,"Krościenko nadDunajcem",Zdrojowa,15,0%,81,8,76,8,63,8,68,8,15,96,9,15,80,0,,,0,,0,,0,
315,nowotarski,Lipnica Wielka,Gimnazjum,Lipnica Wielka,,65,9%,60,3,52,4,40,4,47,4,52,54,3,47,31,13,67,7,13,41,0,,0,
316,nowotarski,Łapsze Niżne,Gimnazjum w Łapszach Niżnych,Łapsze Niżne,Długa,84,10%,67,5,60,6,47,6,53,6,59,62,5,59,43,25,41,3,0,,0,,0,
317,nowotarski,Łapsze Niżne,Gimnazjum,Frydman,Szkolna,26,15%,71,6,69,8,44,5,56,7,24,66,5,24,43,2,73,,0,,0,,0,
318,nowotarski,Nowy Targ,"Zespół Szkoły Podstawowej i Gimnazjum -Gimnazjum nr 4 w Gronkowie",Gronków,,18,0%,69,5,64,7,45,5,54,6,18,50,3,18,27,0,,,0,,0,,0,
319,nowotarski,Nowy Targ,Gimnazjum Nr 3 w Klikuszowej,Klikuszowa,,62,11%,72,6,65,7,50,6,54,6,58,57,4,58,34,4,48,,4,25,0,,0,
320,nowotarski,Nowy Targ,"Publiczne Gimnazjum w Łopusznej im. ks. prof.Józefa Tischnera",Łopuszna,Szkolna,16,38%,79,8,67,7,51,6,59,7,11,81,7,11,64,5,68,7,0,,0,,0,
321,nowotarski,Nowy Targ,"Publiczne Gimnazjum Nr 1 z OddziałamiDwujęzycznymi im. Jana Pawła II w Krempachach",Krempachy,Kamieniec,78,4%,%65,4,54,4,43,5,49,5,68,57,4,68,33,10,44,4,0,,0,,0,
322,nowotarski,Nowy Targ,"Gimnazjum nr 2 im. Kazimierza Przerwy -Tetmajera",Ludźmierz,K. P. Tetmajera,50,10%,80,8,62,6,47,6,52,5,48,73,6,48,50,2,38,,0,,0,,0,
323,nowotarski,Nowy Targ,Gimnazjum w Waksmundzie,Waksmund,Na Równi,26,8%,75,7,65,7,61,8,62,8,25,75,7,25,65,1,48,,0,,0,,0,
324,nowotarski,Nowy Targ,Gimnazjum w Ostrowsku,Ostrowsko,Jana Pawła II,12,0%,71,6,56,5,51,6,50,5,12,62,5,12,36,0,,,0,,0,,0,
325,nowotarski,Ochotnica Dolna,Gimnazjum nr 3 w Ochotnicy Górnej,"OchotnicaGórna",Zawady,28,14%,69,5,60,6,56,7,51,5,24,54,3,24,33,4,59,,0,,0,,0,
326,nowotarski,Ochotnica Dolna,Publiczne Gimnazjum nr 1,Tylmanowa,,41,15%,70,5,54,4,43,5,46,4,29,66,5,29,48,12,40,3,0,,0,,0,
327,nowotarski,Raba Wyżna,Gimnazjum Nr 1 w Rabie Wyżnej,Raba Wyżna,,111,11%,67,5,54,4,42,5,48,4,108,54,3,108,32,3,64,,0,,0,,0,
328,nowotarski,Raba Wyżna,"Zespół Szkół w Skawie - Gimnazjum nr 2 im. Św.Dominika Savio",Skawa,,41,12%,71,6,58,5,58,7,55,6,26,88,8,26,68,15,64,7,0,,0,,0,
329,nowotarski,Rabka-Zdrój,Gimnazjum im. Świętej Rodziny w Rabce-Zdroju,Rabka-Zdrój,Jana Pawła II,34,6%,80,8,76,8,57,7,68,8,32,84,8,32,67,2,94,,0,,0,,0,
330,nowotarski,Rabka-Zdrój,Gimnazjum Publiczne nr 1,Rabka-Zdrój,Jana Pawła II,76,16%,70,5,60,6,43,5,50,5,69,67,5,69,46,7,55,5,0,,0,,0,
331,nowotarski,Rabka-Zdrój,Gimnazjum w Rdzawce,Rdzawka,,13,38%,68,5,53,4,41,4,49,5,11,63,5,11,48,2,78,,0,,0,,0,
332,nowotarski,Rabka-Zdrój,Zespół Szkół - Gimnazjum w Chabówce,Chabówka,,16,6%,77,7,60,6,48,6,58,7,16,79,7,16,60,0,,,0,,0,,0,
333,nowotarski,Rabka-Zdrój,Gimnazjum im. Antoniny Zachary - Wnękowej,Ponice,,12,67%,74,7,60,6,43,5,55,6,12,46,2,12,38,0,,,0,,0,,0,
334,nowotarski,Spytkowice,"Gimnazjum im. Wawrzyńca Spytka Jordana wZespole Szkół Podstawowo-Gimnazjalnych wSpytkowicach",Spytkowice,,52,13%,65,4,55,4,48,6,53,6,50,59,4,50,36,2,36,,0,,0,,0,
335,nowotarski,Szaflary,Gimnazjum w Bańskiej Niżnej,Bańska Niżna,,15,7%,68,5,54,4,40,4,50,5,11,56,4,11,35,4,66,,0,,0,,0,
336,nowotarski,Szaflary,Gimnazjum w Maruszynie Górnej,"MaruszynaGórna",Jana Pawła II,7,0%,68,5,58,5,37,4,49,5,1,93,,1,73,6,40,3,0,,0,,0,
337,nowotarski,Szaflary,Gimnazjum w Skrzypnem,Skrzypne,"Św. JadwigiKrólowej",12,17%,66,4,58,5,34,3,47,4,12,59,4,12,39,0,,,0,,0,,0,
338,nowotarski,Szaflary,Gimnazjum w Bańskiej Wyżnej,Bańska Wyżna,Szlak Papieski,7,0%,80,8,61,6,57,7,57,7,7,61,5,7,42,0,,,0,,0,,0,
339,nowotarski,Szaflary,Gimnazjum,Szaflary,Szkolna,33,12%,67,5,54,4,42,5,49,5,33,58,4,33,39,0,,,0,,0,,0,
340,nowotarski,Szaflary,Gimnazjum w Zaskalu,Zaskale,"KardynałaKarola Wojtyły",11,0%,64,4,52,4%,38,4,47,4,11,63,5,11,42,0,,,0,,0,,0,
341,nowotarski,Szaflary,"Zespół Szkoły Podstawowej i Gimnazjum wMaruszynie Dolnej - Gimnazjum",Maruszyna,Jana Pawła II,7,14%,68%,5,51,3,47,6,48,4,7,53,3,7,33,0,,,0,,0,,0,
342,olkuski,Bukowno,Zespół Szkół nr 1 - Gimnazjum nr 1 w Bukownie,Bukowno,Szkolna,58,24%,79,8,65,7,44,5,53,6,52,68,6,40,54,6,73,8,6,41,0,,0,
343,olkuski,Bukowno,Zespół Szkół nr 2 - Gimnazjum nr 2 w Bukownie,Bukowno,Sławkowska,17,41%,67,%5,66,7,47,6,55,6,16,60,4,16,40,1,95,,0,,0,,0,
344,olkuski,Bolesław,"Publiczne Gimnazjum im. Komisji EdukacjiNarodowej w Bolesławiu",Bolesław,Główna,23,22%,75,7,57,5,50,6,55,6,23,60,4,23,44,0,,,0,,0,,0,
345,olkuski,Bolesław,"Zespół Szkół - Gimnazjum im. płk. Fr. Nullo wKrzykawie",Krzykawa,,22,23%,59,3,52,4,35,3,49,5,22,61,5,22,36,0,,,0,,0,,0,
346,olkuski,Bolesław,Gimnazjum w Podlipiu,Podlipie,,9,11%,63,4,56,5,38,4,50,5,9,55,4,9,45,0,,,0,,0,,0,
347,olkuski,Klucze,Gimnazjum im. Jana Pawła II w Kluczach,Klucze,Zawierciańska,85,26%,71,6,61,6,45,5,51,5,75,69,6,75,47,10,58,6,0,,0,,0,
348,olkuski,Olkusz,"Gimnazjum z Oddziałami Integracyjnymi Nr 1 im.Stanisława Wyspiańskiego w Olkuszu",Olkusz,Kochanowskiego,91,24%,68,5,54,4,41,4,45,3,91,62,5,91,42,0,,,0,,0,,0,
349,olkuski,Olkusz,Gimnazjum Nr 4 im. Cypriana Kamila Norwida,Olkusz,Kosynierów,92,27%,70,5,57,5,41,4,51,5,44,71,6,44,46,39,57,6,8,71,10,41,0,
350,olkuski,Olkusz,Gimnazjum Nr 2 w Olkuszu,Olkusz,Żeromskiego,64,20%,71,6,57,5,50,6,53,6,61,66,5,60,43,0,,,0,,1,60,0,
351,olkuski,Olkusz,"Gimnazjum Nr 3 im. Aleksandra hr. Fredry wOlkuszu",Olkusz,Korczaka,144,26%,82,8,72,8,58,7,60,7,139,85,8,139,69,4,72,,1,58,0,,0,
352,olkuski,Olkusz,"Gimnazjum dla Młodzieży w Olkuszu ZakładuDoskonalenia Zawodowego w Katowicach",Olkusz,Francesco Nullo,20,0%,27,1,29,1,17,1,29,1,21,30,1,21,13,0,,,0,,0,,0,
353,olkuski,Trzyciąż,"Gimnazjum w Zespole Szkół im. WincentegoWitosa w Zadrożu",Zadroże,,28,14%,65,4,46,2,35,3,47,4,28,48,3,28,25,0,,,0,,0,,0,
354,olkuski,Trzyciąż,Zespół Szkół w Jangrocie - Publiczne Gimnazjum,Jangrot,,29,3%,69,5,59,5,45,5,52,5,29,57,4,29,38,0,,,0,,0,,0,
355,olkuski,Trzyciąż,"Zespół Szkół - Gimnazjum im. Św. KrólowejJadwigi w Suchej",Sucha,Sucha,10,0%,66,4,63,6,43,5,56,7,10,64,5,10,48,0,,,0,,0,,0,
356,olkuski,Wolbrom,"Zespół Szkół w Wolbromiu - Gimnazjum nr 2 wWolbromiu",Wolbrom,Pod Lasem,40,8%,78,7,65,7,52,7,58,7,40,65,5,40,46,0,,,0,,0,,0,
357,olkuski,Wolbrom,"Zespół Szkół w Gołaczewach - Gimnazjum wGołaczewach",Gołaczewy,Stara Wieś,23,13%,71,6,59,5,65,8,61,8,23,74,6,23,44,0,,,0,,0,,0,
358,olkuski,Wolbrom,"Gimnazjum im. Króla Jana III Sobieskiego wDłużcu",Dłużec,,10,0%,73,6,64,%7,49,6,52,5,10,76,7,10,54,0,,,0,,0,,0,
359,olkuski,Wolbrom,"Zespół Szkół - Gimnazjum im. Kardynała S.Wyszyńskiego w Wierzchowisku",Wierzchowisko,,24,17%,84%,8,74,8,64,8,62,8,20,70,6,20,53,0,,,0,,4,83,4,50
360,olkuski,Wolbrom,"Zespół Szkół w Zarzeczu - Gimnazjum im. KrólaWładysława Łokietka w Zarzeczu",Zarzecze,Szkolna,21,10%,84,8,74,8,56,7,65,8,17,73,6,17,54,0,,,0,,4,98,4,83
361,olkuski,Wolbrom,Gimnazjum nr 4 w Wolbromiu,Wolbrom,"os. WładysławaŁokietka",120,4%,74,%7,64,7,53,7,53,6,118,70,6,118,53,2,74,,2,50,0,,0,
362,oświęcimski,m.Oświęcim,Miejskie Gimnazjum nr 4 im. Zofii Kossak,Oświęcim,Wyzwolenia,28,11%,60,3,55,4,35,3,46,4,26,57,4,26,38,2,34,,0,,0,,0,
363,oświęcimski,m.Oświęcim,"Miejskie Gimnazjum nr 1 z klasami sportowymiim. Marii Skłodowskiej-Curie",Oświęcim,Słowackiego,70,13%,74,7,59,5,53,7,52,5,70,66,5,70,46,0,,,0,,0,,0,
364,oświęcimski,m.Oświęcim,"Miejskie Gimnazjum nr 2 im. ŁukaszaGórnickiego",Oświęcim,Olszewskiego,119,5%,75,7,65,7,50,6,60,7,118,70,6,118,51,1,93,,0,,0,,0,
365,oświęcimski,m.Oświęcim,Gimnazjum Towarzystwa Salezjańskiego,Oświęcim,Jagiełły,70,11%,82,8,74,8,66,8,63,8,69,81,7,69,66,1,80,,0,,0,,0,
366,oświęcimski,m.Oświęcim,Gimnazjum Mistrzostwa Sportowego,Oświęcim,Bema,12,8%,71,6,56,5,58,7,50,5,12,71,6,12,51,0,,,0,,0,,0,
367,oświęcimski,Brzeszcze,"Gimnazjum nr 1 z Oddziałami Integracyjnymi im.ks. J. Twardowskiego",Brzeszcze,Szkolna,92,30%,76,7,63,6,53,7,56,7,87,74,6,87,57,5,78,8,1,93,0,,0,
368,oświęcimski,Brzeszcze,Gimnazjum nr 2,Brzeszcze,Lipowa,78,44%,64,4,51,3,38,4,47,4,70,64,5,70,45,8,42,3,0,,0,,0,
369,oświęcimski,Chełmek,"Publiczne Gimnazjum Nr 2 im. Cypriana KamilaNorwida w Chełmku",Chełmek,"MarszałkaPiłsudskiego",51,10%,70,5,55,4,38,4,48,4,42,71,6,42,49,9,39,3,0,,0,,0,
370,oświęcimski,Chełmek,Publiczne Gimnazjum Nr 1,Chełmek,B. Chrobrego,25,20%,69,5,68,7,44,5,53,6,25,73,6,25,54,0,,,0,,0,,0,
371,oświęcimski,Chełmek,"Publiczne Gimnazjum im. Kardynała AdamaStefana Sapiehy w Bobrku",Bobrek,Nadwiślańska,13,15%,69,5,53,4,51,6,45,3,6,74,6,6,62,7,54,5,0,,0,,0,
372,oświęcimski,Chełmek,Gimnazjum w Gorzowie,Gorzów,Szkolna,16,6%,65,4,55,4,39,4,46,4,16,58,4,16,38,0,,,0,,0,,0,
373,oświęcimski,Kęty,Gimnazjum nr 3,Kęty,Szkolna,18,11%,72,6,66,7,48,6,59,7,13,87,8,13,66,5,50,5,2,31,0,,0,
374,oświęcimski,Kęty,"Gimnazjum nr 1 im. Feliksa Dyczkowskiego wKętach",Kęty,"Jana IIISobieskiego",52,2%,74,7,64,%7,58,7,60,7,50,78,7,50,63,2,59,,0,,0,,0,
375,oświęcimski,Kęty,Gimnazjum Nr 2 w Kętach,Kęty,Wyspiańskiego,64,8%,69%,5,57,5,41,4,48,4,59,71,6,59,51,4,39,,0,,0,,0,
376,oświęcimski,Kęty,Gimnazjum w Bielanach,Bielany,Łęcka,34,18%,66,4,52,4,36,3,48,4,27,64,5,27,40,7,43,3,3,13,0,,0,
377,oświęcimski,Kęty,Gimnazjum w Bulowicach,Bulowice,Bielska,42,2%,72,6,68,7,55,7,58,7,40,71,6,40,51,1,38,,0,,0,,0,
378,oświęcimski,Kęty,Gimnazjum w Nowej Wsi,Nowa Wieś,Konarskiego,44,14%,72,6,66,7,56,7,58,7,43,71,6,43,52,1,70,,1,60,0,,0,
379,oświęcimski,Kęty,Powiatowe Gimnazjum w Kętach,Kęty,Wyspiańskiego,83,8%,86,9,70,8,68,8,64,8,83,87,8,83,73,0,,,0,,0,,0,
380,oświęcimski,Kęty,Gimnazjum w Witkowicach,Witkowice,Beskidzka,17,6%,68,5,56,5,31,3,45,3,14,53,3,14,34,3,54,,3,30,0,,0,
381,oświęcimski,Oświęcim,"Gimnazjum Gminne Nr 2 im. Komisji EdukacjiNarodowej w Zaborzu",Zaborze,Jezioro,130,6%,76,7,68,7,55,7,57,7,123,73,6,123,51,7,70,7,1,98,0,,0,
382,oświęcimski,Oświęcim,"Gimnazjum Gminne nr 1 im. mjr. PiotraSzewczyka w Rajsku",Rajsko,Edukacyjna,47,11%,69,5,54,4,44,5,51,5,29,86,8,29,66,18,42,3,0,,0,,0,
383,oświęcimski,Polanka Wielka,"Publiczne Gimnazjum im. Karola Wojtyły wPolance Wielkiej",Polanka Wielka,Długa,44,7%,65,4,59,5,38,4,50,5,44,62,5,44,41,0,,,0,,0,,0,
384,oświęcimski,Przeciszów,"Zespół Szkół Podstawowo-Gimnazjalnych,Gimnazjum nr 3 w Przeciszowie - Podlesiu",Przeciszów,Podlesie,19,16%,69,5,59,5,53,7,57,7,19,66,5,19,50,0,,,0,,0,,0,
385,oświęcimski,Przeciszów,"Zespół Szkół Podstawowo-Gimnazjalnych -Gimnazjum Nr 2 w Piotrowicach",Piotrowice,Andrychowska,27,7%,79,8,63,6,54,7,51,5,27,66,5,27,51,0,,,0,,0,,0,
386,oświęcimski,Przeciszów,"Zespół Szkół Podstawowo-GimnazjalnychGimnazjum Nr 1 w Przeciszowie",Przeciszów,Szkolna,22,0%,70,5,58,5,42,5,51,5,21,59,4,21,42,1,33,,0,,0,,0,
387,oświęcimski,Zator,Gimnazjum,Zator,Kongresowa,45,2%,77,7,57,5,46,5,53,6,44,70,6,44,49,1,95,,1,70,0,,0,
388,oświęcimski,Zator,Gimnazjum,Graboszyce,,19,16%,76,7,59,5,53,7,51,5,13,54,3,13,31,6,71,8,6,43,0,,0,
389,oświęcimski,Zator,Gimnazjum Publiczne w Podolszu,Podolsze,Zatorska,18,17%,74,7,58,5,59,7,45,3,12,64,5,12,36,6,48,4,0,,0,,0,
390,proszowicki,Koniusza,Gimnazjum w Posądzy,Posądza,,33,12%,70,5,62,6,53,7,64,8,33,55,4,33,35,0,,,0,,0,,0,
391,proszowicki,Koniusza,Gimnazjum w Biórkowie Wielkim,Biórków Wielki,,41,7%,64,4,51,3,34,3,44,3,41,60,4,41,35,0,,,0,,0,,0,
392,proszowicki,Koszyce,"Gimnazjum im. S. Wyspiańskiego w CentrumOświatowym w Koszycach",Koszyce,"M. C.Skłodowskiej",36,14%,67,5,57,5,37,4,50,5,36,59,4,36,37,0,,,0,,0,,0,
393,proszowicki,Nowe Brzesko,Gimnazjum w Sierosławicach,Sierosławice,,31,10%,67%,5,49,3,46,5,50,5,31,58,4,31,40,0,,,0,,0,,0,
394,proszowicki,Nowe Brzesko,Gimnazjum w Nowym Brzesku,Nowe Brzesko,Krakowska,31,32%,74,7,60,6,38,4,57,7,31,49,3,31,30,0,,,0,,0,,0,
395,proszowicki,Pałecznica,Gimnazjum w Pałecznicy,Pałecznica,Św. Jakuba,41,12%,69,5,57,5,43,5,49,5,34,66,5,34,44,7,38,2,0,,0,,0,
396,proszowicki,Proszowice,"Gimnazjum w Proszowicach im. 6 BrygadyDesantowo-Szturmowej gen. S. Sosabowskiego",Proszowice,Kopernika,114,13%,68,5,59,5,51,6,56,7,108,69,6,108,49,6,69,7,6,47,0,,0,
397,proszowicki,Proszowice,"Gimnazjum w Zespole Szkół im. Św. JadwigiKrólowej w Klimontowie",Klimontów,,17,29%,77,7,59,5,36,3,47,4,17,50,3,17,34,0,,,0,,0,,0,
398,proszowicki,Proszowice,Gimnazjum w Kościelcu,Kościelec,,19,32%,66,4,51,3,52,7,51,5,19,65,5,19,59,0,,,0,,0,,0,
399,proszowicki,Proszowice,Niepubliczne Gimnazjum w Koczanowie,Koczanów,,8,63%,76,7,73,8,62,8,68,8,7,65,5,7,35,1,53,,0,,0,,0,
400,proszowicki,Radziemice,Gimnazjum im. Jana Pawła II w Radziemicach,Radziemice,,13,0%,70,5,52,4,46,5,47,4,13,57,4,13,31,0,,,0,,0,,0,
401,suski,m. Jordanów,Publiczne Gimnazjum w Jordanowie,Jordanów,Konopnickiej,64,30%,76,7,63,6,49,6,56,7,58,68,6,58,48,6,55,5,0,,0,,0,
402,suski,Sucha Beskidzka,"Zespół Szkół Szkoła Podstawowa Nr 1 iGimnazjum w Suchej Beskidzkiej - Gimnazjum","SuchaBeskidzka","Płk. TadeuszaSemika",85,29%,71,6,58,5,44,5,50,5,81,65,5,81,44,4,46,,0,,0,,0,
403,suski,Budzów,Gimnazjum w Budzowie,Budzów,,104,27%,70,5,59,5,41,4,50,5,97,58,4,97,37,7,59,6,0,,0,,0,
404,suski,Bystra-Sidzina,Gimnazjum nr 2 w Bystrej Podhalańskiej,"BystraPodhalańska",,51,24%,70,5,59,5,41,4,45,3,44,53,3,44,36,7,49,5,0,,0,,0,
405,suski,Bystra-Sidzina,"Gimnazjum nr 1 w Zespole Szkół im. DzieciZamojszczyzny",Sidzina,,40,40%,67,5,56,5,42,5,49,5,15,71,6,15,52,25,44,4,0,,0,,0,
406,suski,Jordanów,Gimnazjum Publiczne w Łętowni,Łętownia,,45,51%,68,5,58,5,48,6,55,6,34,69,6,34,53,11,48,4,0,,0,,0,
407,suski,Jordanów,Gimnazjum Publiczne w Osielcu,Osielec,,40,8%,67,5,66,7,55,7,47,4,27,73,6,27,59,13,38,2,0,,0,,0,
408,suski,Jordanów,Zespół Szkół w Naprawie - Gimnazjum,Naprawa,,21,24%,67,5,58,5,42,5,49,5,18,74,6,18,59,3,72,,0,,0,,0,
409,suski,Jordanów,"Zespół Szkół - Publiczne Gimnazjum wToporzysku",Toporzysko,,24,17%,72,6,57,5,40,4,48,4,13,71,6,13,58,11,50,5,0,,0,,0,
410,suski,Jordanów,Gimnazjum Publiczne w Wysokiej,Wysoka,,10,40%,76,7,56,5,43,5,54,6,7,75,7,7,61,3,46,,0,,0,,0,
411,suski,"MakówPodhalański","Zespół Szkół - Gimnazjum im. Ks. dr StanisławaCzartoryskiego","MakówPodhalański",Wolności,62,15%,74,7,69,8,58,7,60,7,62,75,7,62,58,0,,,0,,0,,0,
412,suski,"MakówPodhalański","Zespół Szkół w Białce - Gimnazjum im. KsiędzaKardynała Stefana Wyszyńskiego w Białce",Białka,,36,19%,75,7,58,%5,49,6,54,6,34,61,5,34,43,2,69,,2,53,0,,0,
413,suski,"MakówPodhalański","Zespół Szkół - Gimnazjum im. Jana Pawła II wJuszczynie",Juszczyn,,31,26%,68%,5,68,7,49,6,52,5,29,71,6,29,53,2,58,,2,38,0,,0,
414,suski,"MakówPodhalański","Zespół Szkół w Grzechyni - Gimnazjum wGrzechyni",Grzechynia,,16,19%,63,4,64,7,49,6,53,6,11,70,6,11,51,5,71,8,0,,0,,0,
415,suski,Stryszawa,Gimnazjum nr 2 w Lachowicach,Lachowice,,29,31%,78,7,63,6,53,7,48,4,25,65,5,25,42,4,49,,4,15,0,,0,
416,suski,Stryszawa,"Zespół Szkół Samorządowych - Gimnazjum nr 3im. Kazimierza Pułaskiego w Krzeszowie",Krzeszów,,29,31%,72,6,58,5,53,7,49,5,22,68,6,22,46,7,59,6,7,35,0,,0,
417,suski,Stryszawa,Gimnazjum Nr 1 w Stryszawie,Stryszawa,,61,13%,70,5,61,6,51,6,51,5,55,67,5,55,45,6,62,6,3,56,0,,0,
418,suski,Zawoja,"Zespół Szkół w Zawoi Centrum - Gimnazjum Nr 1im. Franciszka Krysty Zawoja Centrum",Zawoja,,26,8%,64,4,54,4,43,5,50,5,19,76,7,19,56,7,62,6,1,63,0,,0,
419,suski,Zawoja,Zespół Szkół w Skawicy - Gimnazjum,Skawica,,30,20%,71,6,54,4,40,4,51,5,11,63,5,11,36,19,75,8,19,41,0,,0,
420,suski,Zembrzyce,"Gimnazjum w Zespole Szkół im. KazimierzaPrzerwy-Tetmajera w Zembrzycach",Zembrzyce,ks. Kobyłeckiego,30,40%,69,5,56,5,41,4,52,5,25,57,4,25,37,5,59,6,0,,0,,0,
421,suski,Zembrzyce,Gimnazjum w Tarnawie Dolnej,Tarnawa Dolna,,26,4%,62,3,57,5,35,3,49,5,20,63,5,20,40,6,62,6,0,,0,,0,
422,tarnowski,Ciężkowice,Publiczne Gimnazjum,Jastrzębia,,37,0%,71,6,65,7,51,6,59,7,30,54,3,30,36,7,47,4,0,,0,,0,
423,tarnowski,Ciężkowice,Publiczne Gimnazjum w Ciężkowicach,Ciężkowice,Tysiąclecia,39,13%,63,4,55,4,46,5,51,5,38,50,3,38,30,1,63,,0,,0,,0,
424,tarnowski,Ciężkowice,"Zespół Szkół Publicznych - Gimnazjum Publicznew Bruśniku",Bruśnik,,13,0%,64,4,60,6,44,5,47,4,9,49,3,9,38,4,40,,0,,0,,0,
425,tarnowski,Ciężkowice,"Zespół Szkół Publicznych - Gimnazjum Publicznew Zborowicach",Zborowice,,14,7%,65,4,56,5,39,4,55,6,6,70,6,6,53,8,40,3,0,,0,,0,
426,tarnowski,Ciężkowice,Niepubliczne Gimnazjum w Pławnej,Pławna,,12,0%,72,6,70,8,45,5,62,8,3,91,,3,78,9,63,7,1,60,0,,0,
427,tarnowski,Gromnik,"Gimnazjum Publiczne im. Orląt Lwowskich wGromniku",Gromnik,Witosa,69,3%,66,4,60,6,46,5,50,5,31,70,6,31,51,38,60,6,0,,0,,0,
428,tarnowski,Gromnik,Zespół Szkół - Gimnazjum Publiczne,Siemiechów,,15,0%,73,6,50,3,41,4,42,3,14,82,7,14,57,1,48,,0,,0,,0,
429,tarnowski,Gromnik,Gimnazjum Publiczne,Chojnik,,20,5%,66,4,53,4,41,4,53,6,20,60,4,20,41,0,,,0,,0,,0,
430,tarnowski,Lisia Góra,Gimnazjum im. Ofiar Katynia w Lisiej Górze,Lisia Góra,Szkolna,78,5%,71,6,60,6,47,6,51,5,72,64,5,72,46,6,63,7,0,,0,,0,
431,tarnowski,Lisia Góra,Gimnazjum im. Zesłańców Sybiru w Zaczarniu,Zaczarnie,,37,14%,60,3,55,4,46,5,47,4,37,59,4,37,38,0,,,0,,0,,0,
432,tarnowski,Lisia Góra,Gimnazjum w Starych Żukowicach,Stare Żukowice,,22,0%,66,4,56,5,51,6,48,4,14,59,4,14,44,8,49,5,0,,0,,0,
433,tarnowski,Lisia Góra,Gimnazjum w Nowej Jastrząbce,"NowaJastrząbka",,11,45%,64,4,58,%5,37,4,42,3,10,44,2,10,22,1,65,,0,,0,,0,
434,tarnowski,Pleśna,"Publiczne Gimnazjum im. Armii Krajowej wRzuchowej",Rzuchowa,,55,4%,69%,5,61,6,42,5,50,5,55,65,5,55,46,0,,,0,,0,,0,
435,tarnowski,Pleśna,Gimnazjum,Pleśna,,65,15%,68,5,58,5,42,5,49,5,56,58,4,56,36,9,66,7,3,59,0,,0,
436,tarnowski,Radłów,"Publiczne Gimnazjum z Oddziałami Sportowymiim. Kardynała Stanisława Hozjusza w Radłowie",Radłów,Szkolna,46,9%,63,4,53,4,41,4,49,5,21,79,7,21,56,25,41,3,0,,0,,0,
437,tarnowski,Radłów,"Zespół Szkół w Zabawie Publiczne Gimnazjumim. Jana Pawła II w Zabawie",Zabawa,,16,6%,70,5,64,7,49,6,54,6,7,80,7,7,60,9,56,6,0,,0,,0,
438,tarnowski,Radłów,Publiczne Gimnazjum w Woli Radłowskiej,"WolaRadłowska",,20,0%,67,5,56,5,46,5,50,5,14,72,6,14,51,6,44,4,0,,0,,0,
439,tarnowski,Ryglice,"Gimnazjum przy Zespole Szkolno-Przedszkolnymw Zalasowej",Zalasowa,Karpacka,40,8%,63,4,59,5,48,6,54,6,38,56,4,38,39,2,38,,0,,0,,0,
440,tarnowski,Ryglice,"Publiczne Gimnazjum im. Ks. JózefaLenartowicza w Lubczy",Lubcza,,39,3%,72,6,58,5,54,7,52,5,31,61,5,31,39,8,39,3,0,,0,,0,
441,tarnowski,Ryglice,Publiczne Gimnazjum Nr 1 w Ryglicach,Ryglice,Tarnowska,59,3%,76,7,63,6,55,7,57,7,55,65,5,55,43,4,39,,0,,0,,0,
442,tarnowski,"RzepiennikStrzyżewski","Gimnazjum im. Jana Pawła II w Zespole Szkół wOlszynach",Olszyny,,26,0%,77,7,68,7,57,7,61,8,26,61,5,26,41,0,,,0,,0,,0,
443,tarnowski,"RzepiennikStrzyżewski",Zespół Szkół - Gimnazjum w Turzy,Turza,,18,6%,76,7,63,6,47,6,55,6,18,54,3,18,32,0,,,0,,0,,0,
444,tarnowski,"RzepiennikStrzyżewski","Gimnazjum w Rzepienniku Biskupim im.ŻołnierzyArmii Krajowej Oddziału Regina II","RzepiennikBiskupi",,39,0%,71,6,59,5,48,6,52,5,39,49,3,39,27,0,,,0,,0,,0,
445,tarnowski,Skrzyszów,Gimnazjum,Skrzyszów,,58,2%,73,6,66,7,46,5,54,6,51,62,5,51,43,7,82,9,1,100,0,,0,
446,tarnowski,Skrzyszów,Gimnazjum,Szynwałd,,37,3%,71,6,65,7,55,7,51,5,33,66,5,33,42,4,57,,0,,0,,0,
447,tarnowski,Skrzyszów,Gimnazjum w Pogórskiej Woli,Pogórska Wola,,17,0%,69,5,52,4,35,3,49,5,16,61,5,16,42,0,,,0,,0,,0,
448,tarnowski,Tarnów,"Publiczne Gimnazjum Nr 2 im. RotmistrzaWitolda Pileckiego w Tarnowcu",Tarnowiec,Tarnowska,62,18%,72,6,60,6,52,7,59,7,62,71,6,62,55,0,,,0,,0,,0,
449,tarnowski,Tarnów,"Publiczne Gimnazjum Nr 3 im. Cypriana KamilaNorwida w Koszycach Wielkich Gmina Tarnów","KoszyceWielkie",Szkolna,28,14%,66,4,66,7,49,6,57,7,19,71,6,19,49,9,56,6,0,,0,,0,
450,tarnowski,Tarnów,"Publiczne Gimnazjum nr 1 im. ks. WładysławaKowalczyka w Woli Rzędzińskiej","WolaRzędzińska",,47,4%,68,5,57,%5,45,5,51,5,47,58,4,47,36,0,,,0,,0,,0,
451,tarnowski,Tarnów,Publiczne Gimnazjum w Zawadzie,Zawada,,10,30%,78,7,72,8,69,8,61,8,10,72,6,10,57,0,,,0,,0,,0,
452,tarnowski,Tarnów,Niepubliczne Gimnazjum w Zbylitowskiej Górze,"ZbylitowskaGóra",Św. Floriana,42,10%,67%,5,55,4,43,5,51,5,42,62,5,42,42,0,,,0,,0,,0,
453,tarnowski,Tuchów,Publiczne Gimnazjum im. Kazimierza Wielkiego,Tuchów,Jana Pawła II,96,4%,72,6,62,6,45,5,54,6,92,63,5,92,43,4,66,,1,98,0,,0,
454,tarnowski,Tuchów,"Zespół Szkół w Siedliskach - PubliczneGimnazjum im. Kardynała Stefana Wyszyńskiego",Siedliska,,48,0%,69,%5,55,4,38,4,51,5,48,54,3,48,37,0,,,0,,0,,0,
455,tarnowski,Tuchów,"Zespół Szkół w Karwodrzy - Publiczne Gimnazjumw Karwodrzy",Karwodrza,,19,0%,65,4,53,4,43,5,51,5,14,57,4,14,34,5,38,2,0,,0,,0,
456,tarnowski,Tuchów,Zespół Szkół - Publiczne Gimnazjum,"JodłówkaTuchowska",,15,0%,69,5,56,5,37,4,51,5,15,52,3,15,34,0,,,0,,0,,0,
457,tarnowski,Wierzchosławice,"Gimnazjum im. Jana Pawła II wWierzchosławicach","Wierzchosławice",,79,15%,72,6,59,5,46,5,51,5,74,70,6,74,46,5,51,5,0,,0,,0,
458,tarnowski,Wietrzychowice,"Zespół Szkolno- Przedszkolny wWietrzychowicach Publiczne Gimnazjum im. JanaDeszcza w Miechowicach Wielkich","MiechowiceWielkie",,40,28%,66,4,58,5,45,5,55,6,34,56,4,34,33,6,55,5,0,,0,,0,
459,tarnowski,Wojnicz,Publiczne Gimnazjum im. św. Kingi w Wojniczu,Wojnicz,Szkolna,83,2%,70,5,58,5,46,5,50,5,80,64,5,80,40,3,59,,1,50,0,,0,
460,tarnowski,Wojnicz,Gimnazjum w Grabnie,Grabno,,13,0%,61,3,56,5,42,5,49,5,13,59,4,13,41,0,,,0,,0,,0,
461,tarnowski,Wojnicz,Publiczne Gimnazjum w Wielkiej Wsi,Wielka Wieś,,11,18%,74,7,64,7,53,7,55,6,11,43,2,11,27,0,,,0,,0,,0,
462,tarnowski,Wojnicz,"Gimnazjum im. księdza Józefa Łakomego wBiadolinach Radłowskich","BiadolinyRadłowskie",,14,0%,67,5,56,5,47,6,48,4,13,56,4,13,38,1,68,,1,38,0,,0,
463,tarnowski,Wojnicz,Gimnazjum w Olszynach,Olszyny,,11,0%,71,6,59,5,43,5,46,4,11,66,5,11,43,0,,,0,,0,,0,
464,tarnowski,Zakliczyn,Gimnazjum w Zakliczynie,Zakliczyn,Malczewskiego,89,7%,64,4,54,4,45,5,48,4,88,64,5,88,42,1,100,,1,100,0,,0,
465,tarnowski,Zakliczyn,Gimnazjum w Paleśnicy,Paleśnica,,35,6%,72,6,59,5,47,6,52,5,35,59,4,35,39,0,,,0,,0,,0,
466,tarnowski,Żabno,Publiczne Gimnazjum w Otfinowie,Otfinów,,17,6%,54,2,40,2,35,3,40,2,17,50,3,17,34,0,,,0,,0,,0,
467,tarnowski,Żabno,"Publiczne Gimnazjum w Łęgu Tarnowskimim.Rodzin Męcińskich i Zborowskich",Łęg Tarnowski,Tarnowska,53,19%,71,6,65,7,54,7,55,6,53,68,6,53,47,0,,,0,,0,,0,
468,tarnowski,Żabno,"Publiczne Gimnazjum im.Polskich Olimpijczykóww Niedomicach w Zespole Szkoły Podstawowejim.Polskich Olimpijczyków i Gimnazjum",Niedomice,Szkolna,19,0%,77,7,59,5%,56,7,54,6,19,66,5,19,45,0,,,0,,0,,0,
469,tarnowski,Żabno,Publiczne Gimnazjum im. Jana Pawła II w Żabnie,Żabno,Jagiełły,81,15%,65%,4,60,6,44,5,55,6,81,64,5,81,45,0,,,0,,0,,0,
470,tarnowski,Żabno,"Publiczne Katolickie Gimnazjum im. ArmiiKrajowej w Niecieczy",Nieciecza,,13,8%,72,6,66,7,53,7,61,8,13,81,7,13,62,0,,,0,,0,,0,
471,tarnowski,Szerzyny,"Publiczne Gimnazjum im. Ks. Kardynała StefanaWyszyńskiego w Szerzynach",Szerzyny,,25,0%,71,6,53,4,44,5,53,6,18,65,5,18,41,7,41,3,0,,0,,0,
472,tarnowski,Szerzyny,Gimnazjum im. ks. prał. Jana Ślęzaka w Ołpinach,Ołpiny,,34,0%,67,5,50,3,39,4,49,5,34,53,3,34,32,0,,,0,,0,,0,
473,tarnowski,Szerzyny,"Publiczne Gimnazjum im. Bł. Karoliny Kózki wCzermnej",Czermna,,28,0%,65,4,57,5,40,4,49,5,28,54,3,28,31,0,,,0,,0,,0,
474,tatrzański,Zakopane,"Społeczne Gimnazjum Społecznego TowarzystwaOświatowego",Zakopane,Kasprusie,14,29%,88,9,75,8,57,7,66,8,14,90,8,14,78,0,,,0,,0,,0,
475,tatrzański,Zakopane,"Gimnazjum nr 3 w Zakopanem im.błogosławionego księdza Jerzego Popiełuszki",Zakopane,Janosówka,23,9%,58,3,43,2,27,2,47,4,21,46,2,21,21,2,40,,0,,0,,0,
476,tatrzański,Zakopane,Gimnazjum nr 2,Zakopane,Sienkiewicza,101,14%,78,7,69,8,52,7,57,7,72,78,7,72,58,29,63,7,4,41,0,,0,
477,tatrzański,Zakopane,"Prywatne Gimnazjum ""Betlejem""",Zakopane,Chałubińskiego,6,50%,72,6,67,7,39,4,54,6,6,66,5,6,47,0,,,0,,0,,0,
478,tatrzański,Zakopane,Gimnazjum Mistrzostwa Sportowego,Zakopane,Droga do Olczy,29,14%,67,5,57,5,43,5,52,5,25,68,6,25,51,4,61,,1,70,0,,0,
479,tatrzański,Zakopane,"Gimnazjum nr 1 im. Olgi i Andrzeja Małkowskichw Zakopanem",Zakopane,Nowotarska,48,15%,65,4,50,3,38,4,47,4,43,57,4,43,34,5,57,6,0,,0,,0,
480,tatrzański,Zakopane,Państwowa Ogólnokształcąca Szkoła Artystyczna,Zakopane,Sienkiewicza,17,0%,88,9,80,9,57,7,62,8,17,93,8,17,78,0,,,0,,0,,0,
481,tatrzański,Zakopane,Gimnazjum Specjalne,Zakopane,"H.Modrzejewskiej",16,0%,40,2,30,1,18,1,34,2,15,31,1,16,12,0,,,0,,0,,0,
482,tatrzański,Zakopane,Gimnazjum,Zakopane,Balzera,5,80%,58,3,45,2,30,2,44,3,4,48,,4,39,1,43,,0,,0,,0,
483,tatrzański,Zakopane,"Sześcioletnia Ogólnokształcąca Szkoła SztukPięknych",Zakopane,Kościeliska,24,17%,75,7,68,7,52,7,53,6,24,81,7,24,63,0,,,0,,0,,0,
484,tatrzański,Biały Dunajec,"Gimnazjum nr 1 im. Kazimierza Wielkiego wBiałym Dunajcu",Biały Dunajec,Jana Pawła II,24,21%,64,4,62,6,42,5,52,5,23,58,4,23,39,1,93,,1,70,0,,0,
485,tatrzański,Biały Dunajec,"Gimnazjum nr 2 im. Świętej Jadwigi KrólowejPolski",Biały Dunajec,"MiłośnikówPodhala",12,8%,67,5,60,6,57,7,54,6,12,69,6,12,53,0,,,0,,0,,0,
486,tatrzański,Biały Dunajec,"Gimnazjum im. Andrzeja Skupnia-Florka wGliczarowie Górnym","GliczarówGórny",,14,7%,62,3,58,5,39,4,44,3,13,51,3,13,36,1,50,,0,,0,,0,
487,tatrzański,Biały Dunajec,Gimnazjum w Sierockiem,Sierockie,,7,29%,53,2,39,2,31,3,38,2,7,33,1,7,16,0,,,0,,0,,0,
488,tatrzański,"BukowinaTatrzańska",Gimnazjum,Leśnica,Polna,45,9%,57%,3,46,2,28,2,39,2,45,38,2,45,19,0,,,0,,0,,0,
489,tatrzański,"BukowinaTatrzańska",Gimnazjum w Białce Tatrzańskiej,"BiałkaTatrzańska",Środkowa,51,10%,71,6,64,7,41,4,51,5,51,64,5,51,44,0,,,0,,0,,0,
490,tatrzański,"BukowinaTatrzańska",Gimnazjum w Bukowinie Tatrzańskiej,"BukowinaTatrzańska",T. Kościuszki,44,14%,74,7,64,7,45,5,51,5,40,58,4,40,38,4,63,,0,,0,,0,
491,tatrzański,Kościelisko,Gimnazjum w Witowie im. ks. Leona Musielaka,Witów,,15,7%,75,7,70,8,54,7,55,6,15,68,6,15,50,0,,,0,,0,,0,
492,tatrzański,Kościelisko,Gimnazjum w Kościelisku,Kościelisko,Szeligówka,29,21%,61,3,53,4,44,5,47,4,28,59,4,28,38,1,85,,0,,0,,0,
493,tatrzański,Kościelisko,Gimnazjum w Dzianiszu,Dzianisz,,17,12%,68,5,59,5,50,6,51,5,17,68,6,17,49,0,,,0,,0,,0,
494,tatrzański,Poronin,Gimnazjum im. Jana Pawła II w Zębie,Ząb,,24,8%,61,3,57,5,49,6,51,5,23,72,6,23,51,1,28,,0,,0,,0,
495,tatrzański,Poronin,"Gimnazjum w Zespole Szkół im. RatownikówTatrzańskich w Murzasichlu",Murzasichle,Sądelska,25,32%,60,3,53,4,44,5,44,3,25,52,3,25,34,0,,,0,,0,,0,
496,tatrzański,Poronin,Gimnazjum w Nowem Bystrem,Nowe Bystre,,26,12%,58,3,52,4,29,2,43,3,26,52,3,26,27,0,,,0,,0,,0,
497,wadowicki,Andrychów,"Gimnazjum nr 1 im. Polskich Noblistów wAndrychowie",Andrychów,Daszyńskiego,129,12%,78,7,71,8,70,8,66,8,130,81,7,129,64,0,,,0,,0,,0,
498,wadowicki,Andrychów,Gimnazjum nr 2 w Andrychowie,Andrychów,Lenartowicza,92,14%,68,5,64,7,49,6,52,5,89,60,4,89,41,3,53,,0,,0,,0,
499,wadowicki,Andrychów,"Zespół Szkół Samorządowych w Zagórniku -Gimnazjum w Zagórniku",Zagórnik,Szkolna,31,35%,78,7,71,8,64,8,61,8,31,78,7,31,61,0,,,0,,0,,0,
500,wadowicki,Andrychów,"Zespół Szkół Samorządowych - Gimnazjum wSułkowicach-Łęgu",Sułkowice,Centralna,45,11%,70,5,63,6,44,5,53,6,34,64,5,34,44,11,55,5,0,,0,,0,
501,wadowicki,Andrychów,Gimnazjum w Inwałdzie,Inwałd,Wadowicka,37,24%,79,8,67,7,60,8,58,7,37,70,6,37,47,0,,,0,,0,,0,
502,wadowicki,Andrychów,Gimnazjum w Sułkowicach-Bolęcinie,"Sułkowice-Bolęcina",Racławicka,21,29%,62,3,51,3,44,5,44,3,21,59,4,21,39,0,,,0,,0,,0,
503,wadowicki,Andrychów,Gimnazjum w Roczynach,Roczyny,Szkolna,40,18%,76,7,67,7,61,8,58,7,39,71,6,39,50,1,58,,0,,0,,0,
504,wadowicki,Andrychów,Gimnazjum w Rzykach,Rzyki,os. Szczęśniaki,33,6%,74,7,63,6,56,7,59,7,33,65,5,33,45,0,,,0,,0,,0,
505,wadowicki,Andrychów,"Zespół Szkół Samorządowych - Gimnazjum wTarganicach",Targanice,Beskidzka,32,38%,67,5,62,6,41,4,59,7,31,65,5,31,43,1,85,,1,68,0,,0,
506,wadowicki,Brzeźnica,"Zespół Szkolno-Przedszkolny - Gimnazjum im.Adama Gorczyńskiego w Brzeźnicy",Brzeźnica,"AdamaGorczyńskiego",92,28%,72,6,61,6,53,7,53,6,92,60,4,92,41,0,,,0,,0,,0,
507,wadowicki,Brzeźnica,"Zespół Szkół im. Janusza Korczaka w Łączanach -Gimnazjum",Łączany,Krakowska,13,23%,66,4,56,5,56,7,44,3,13,58,4,13,38,0,,,0,,0,,0,
508,wadowicki,"KalwariaZebrzydowska",Zespół Szkół nr 1 - Gimnazjum nr 1,"KalwariaZebrzydowska",Mickiewicza,54,22%,74%,7,64,7,59,7,57,7,55,69,6,55,50,0,,,0,,0,,0,
509,wadowicki,"KalwariaZebrzydowska",Gimnazjum Publiczne nr 2 w Brodach,Brody,,36,28%,71,6,61,6,53,7,55,6,28,67,5,28,48,8,55,5,0,,0,,0,
510,wadowicki,"KalwariaZebrzydowska",Gimnazjum nr 4,Zebrzydowice,,21,19%,77,7,63,6,45,5,54,6,20,66,5,20,53,1,48,,1,28,0,,0,
511,wadowicki,"KalwariaZebrzydowska","Publiczne Gimnazjum Nr 3 im. Agaty Mróz-Olszewskiej w Przytkowicach",Przytkowice,,39,8%,74,7,62,6,47,6,51,5,39,59,4,39,42,0,,,0,,0,,0,
512,wadowicki,"KalwariaZebrzydowska",Gimnazjum nr 8 w Stanisławiu Dolnym,"StanisławDolny",,16,31%,75,7,67,7,45,5,47,4,16,69,6,16,43,0,,,0,,0,,0,
513,wadowicki,"KalwariaZebrzydowska",Publiczne Gimnazjum nr 7 w Barwałdzie Średnim,Barwałd Średni,,11,27%,70,5,61,6,59,7,52,5,11,64,5,11,44,0,,,0,,0,,0,
514,wadowicki,"KalwariaZebrzydowska","Zespół Szkół nr 5 im. Karola Wojtyły wBarwałdzie Górnym - Gimnazjum nr 5",Barwałd Górny,,20,35%,76,7,66,7,57,7,53,6,11,90,8,11,75,9,49,5,0,,0,,0,
515,wadowicki,Lanckorona,Gimnazjum w Lanckoronie,Lanckorona,Szkolna,35,17%,66,4,64,7,48,6,51,5,35,60,4,35,34,0,,,0,,0,,0,
516,wadowicki,Lanckorona,Zespół Szkół w Izdebniku - Gimnazjum,Izdebnik,,13,8%,77,7,68,7,59,7,59,7,11,71,6,11,50,2,56,,2,33,0,,0,
517,wadowicki,Lanckorona,Zespół Szkół - Gimnazjum w Skawinkach,Skawinki,,19,5%,60,3,51,3,46,5,40,2,19,46,2,19,28,0,,,0,,0,,0,
518,wadowicki,Mucharz,"Zespół Szkół w Jaszczurowej, Gimnazjum im.Janiny Barbary Górkiewiczowej w Mucharzu",Jaszczurowa,,35,9%,70,5,65,7,52,7,56,7,20,65,5,17,58,15,76,8,15,58,0,,0,
519,wadowicki,Spytkowice,Gimnazjum nr 2,Ryczów,Szkolna,37,11%,72,6,60,6,43,5,49,5,27,64,5,27,42,10,46,4,0,,0,,0,
520,wadowicki,Spytkowice,"Zespół Szkolno-Przedszkolny im. mjra HenrykaSucharskiego Gimnazjum nr 1 w Spytkowicach",Spytkowice,Szkolna,51,10%,68,5,57,5,46,5,47,4,48,57,4,31,42,3,60,,2,45,0,,0,
521,wadowicki,Spytkowice,"Zespół Szkolno - Przedszkolny w BachowicachGimnazjum nr 3",Bachowice,Ks. Gołby,19,0%,70,5,60,6,54,7,52,5,12,73,6,12,60,7,39,3,0,,0,,0,
522,wadowicki,Stryszów,Gimnazjum w Zakrzowie,Zakrzów,,68,26%,76,7,68,7,58,7,54,6,49,68,6,48,48,19,60,6,19,37,0,,0,
523,wadowicki,Tomice,Gimnazjum im. Noblistów Polskich w Tomicach,Tomice,Dworska,86,21%,72,6,61,6,48,6,51,5,86,58,4,86,39,0,,,0,,0,,0,
524,wadowicki,Wadowice,Gimnazjum nr 1 im. Marii Skłodowskiej-Curie,Wadowice,Sienkiewicza,67,13%,76,7,61,6,53,7,52,5,66,71,6,66,55,1,50,,1,13,0,,0,
525,wadowicki,Wadowice,Gimnazjum nr 2,Wadowice,Słowackiego,70,23%,76,7,64,7,51,6,56,7,66,74,6,64,56,4,74,,4,54,0,,0,
526,wadowicki,Wadowice,Gimnazjum,Wadowice,Os. Kopernika,71,20%,76,7,67,7,61,8,60,7,70,72,6,70,53,1,50,,0,,0,,0,
527,wadowicki,Wadowice,Gimnazjum,Klecza Dolna,,31,19%,67,5,59,%5,47,6,53,6,20,81,7,20,61,11,44,4,1,18,0,,0,
528,wadowicki,Wadowice,Zespół Szkół nr 1 - Gimnazjum nr 1,Chocznia,Główna,24,8%,74,7,73,8,55,7,61,8,24,80,7,24,56,0,,,0,,0,,0,
529,wadowicki,Wadowice,Gimnazjum,Wysoka,,23,13%,76%,7,57,5,54,7,56,7,23,58,4,23,37,0,,,0,,0,,0,
530,wadowicki,Wadowice,Gimnazjum w Jaroszowicach,Jaroszowice,,17,18%,76,7,73,8,57,7,60,7,17,74,6,17,53,0,,,0,,0,,0,
531,wadowicki,Wadowice,Gimnazjum nr 2,Chocznia,Główna,19,32%,77,7,60,6,62,8,54,6,19,67,5,19,48,0,,,0,,0,,0,
532,wadowicki,Wadowice,"Publiczne Gimnazjum Stowarzyszenia PrzyjaciółSzkół Katolickich im. Św. Królowej Jadwigi",Barwałd Dolny,,3,67%,80,%,69,,74,,63,,3,71,,3,52,0,,,0,,0,,0,
533,wadowicki,Wadowice,"Publiczne Gimnazjum Stowarzyszenia PrzyjaciółSzkół Katolickich","StanisławGórny",,12,42%,78,7,60,6,67,8,61,8,12,50,3,12,33,0,,,0,,0,,0,
534,wadowicki,Wadowice,"Publiczne Gimnazjum Stowarzyszenia PrzyjaciółSzkół Katolickich",Ponikiew,,16,25%,75,7,64,7,48,6,57,7,16,65,5,16,48,0,,,0,,0,,0,
535,wadowicki,Wieprz,"Zespół Szkolno-Przedszkolny nr 2 im. kard.Stefana Wyszyńskiego Gimnazjum nr 2 wWieprzu",Wieprz,Beskidzka,15,7%,67,5,59,5,53,7,55,6,13,58,4,13,39,2,45,,0,,0,,0,
536,wadowicki,Wieprz,"Zespół Szkolno-Przedszkolny im. Wł.Broniewskiego - Gimnazjum w Przybradzu",Przybradz,Szkolna,17,18%,81,8,66,7,58,7,53,6,15,81,7,15,61,2,40,,0,,0,,0,
537,wadowicki,Wieprz,"Zespół Szkolno-Przedszkolny im. MikołajaKopernika w Nidku - Gimnazjum w Nidku",Nidek,"Św. JudyTadeusza",12,25%,80,8,68,7,58,7,57,7,12,79,7,12,56,0,,,0,,0,,0,
538,wadowicki,Wieprz,"Zespół Szkolno-Przedszkolny im. MichałaSzczygła w Gierałtowicach-Gimnazjum",Gierałtowice,Św. Marcina,21,0%,71,6,64,7,56,7,52,5,20,68,6,20,46,1,60,,0,,0,,0,
539,wadowicki,Wieprz,"Zespół Szkolno-Przedszkolny Nr 1 Gimnazjum Nr1 w Wieprzu im. Jana Pawła II",Wieprz,Centralna,27,22%,75,7,68,7,65,8,60,7,24,84,8,24,63,3,68,,0,,0,,0,
540,wielicki,Biskupice,"Gimnazjum im. ks. Karola Wojtyły wSławkowicach",Sławkowice,,83,6%,73,6,64,7,52,7,57,7,81,64,5,81,42,1,73,,0,,0,,0,
541,wielicki,Gdów,Gimnazjum im. św. Brata Alberta w Gdowie,Gdów,,117,4%,70,5,61,6,48,6,52,5,111,67,5,111,47,6,65,7,0,,0,,0,
542,wielicki,Gdów,Gimnazjum w Niegowici,Niegowić,,93,11%,70,5,56,5,47,6,54,6,68,67,5,68,47,25,51,5,0,,0,,0,
543,wielicki,Kłaj,"Zespół Szkół Ogólnokształcących - PubliczneGimnazjum im. Ks. Jana Twardowskiego w Kłaju",Kłaj,,38,13%,69,5,58,5,56,7,56,7,36,70,6,36,47,2,51,,0,,0,,0,
544,wielicki,Kłaj,"Zespół Szkół Ogólnokształcących - Gimnazjum wTargowisku",Targowisko,,22,50%,68,5,51,%3,45,5,58,7,22,66,5,22,44,0,,,0,,0,,0,
545,wielicki,Kłaj,Gimnazjum im. Świętej Jadwigi Królowej,Szarów,Wiejska,31,13%,64%,4,59,5,55,7,53,6,30,60,4,30,40,1,70,,0,,0,,0,
546,wielicki,Kłaj,"Zespół Szkół Ogólnokształcących - Gimnazjum wBrzeziu",Brzezie,,9,11%,69,5,61,6,51,6,60,7,9,64,5,9,40,0,,,0,,0,,0,
547,wielicki,Niepołomice,"Gimnazjum im. Króla Władysława Jagiełły wNiepołomicach",Niepołomice,Szkolna,134,28%,74,7,66,7,57,7,61,8,123,75,7,123,57,11,51,5,1,90,0,,0,
548,wielicki,Niepołomice,"Gimnazjum Niepubliczne im. ks. JanaTwardowskiego w Zabierzowie Bocheńskim","ZabierzówBocheński",,36,28%,67,5,51,3,37,4,47,4,34,60,4,34,36,2,31,,0,,0,,0,
549,wielicki,Niepołomice,"Gimnazjum Niepubliczne im. św. Brata Alberta wPodłężu",Podłęże,Wielicka,34,15%,79,8,72,8,64,8,67,8,26,79,7,26,58,8,79,8,1,48,0,,0,
550,wielicki,Niepołomice,"Niepubliczne Gimnazjum im. św. Wojciecha wStaniątkach",Staniątki,,36,25%,71,6,59,5,47,6,48,4,35,69,6,35,48,1,63,,0,,0,,0,
551,wielicki,Wieliczka,Gimnazjum,Wieliczka,J. Piłsudskiego,194,15%,78,7,68,7,55,7,62,8,175,80,7,175,60,16,70,7,0,,3,68,0,
552,wielicki,Wieliczka,Gimnazjum w Koźmicach Wielkich,"KoźmiceWielkie",,84,20%,72,6,62,6,50,6,53,6,69,68,6,69,49,15,62,6,0,,0,,0,
553,wielicki,Wieliczka,Gimnazjum w Węgrzcach Wielkich,"WęgrzceWielkie",,103,11%,74,7,63,6,50,6,58,7,86,72,6,86,48,17,87,9,4,84,0,,0,
554,wielicki,Wieliczka,Gimnazjum w Dobranowicach,Dobranowice,,55,11%,62,3,51,3,37,4,51,5,46,57,4,46,36,9,43,3,0,,0,,0,
555,wielicki,Wieliczka,Niepubliczne Gimnazjum w Podstolicach,Podstolice,,19,37%,68,5,57,5,41,4,48,4,13,65,5,13,45,6,38,2,0,,0,,0,
556,wielicki,Wieliczka,Gimnazjum w Golkowicach,Golkowice,,27,7%,79,8,59,5,45,5,54,6,27,72,6,27,50,0,,,0,,0,,0,
557,m.Kraków,,"Gimnazjum nr 13 im. Adama Chmielowskiego -św. Brata Alberta",Kraków,Mackiewicza,25,36%,74,7,62,6,51,6,52,5,25,67,5,25,52,0,,,0,,0,,0,
558,m.Kraków,,"Gimnazjum Nr 20 im. Księcia JózefaPoniatowskiego",Kraków,Senatorska,93,47%,74,7,58,5,46,5,49,5,91,70,6,91,47,2,78,,2,51,0,,0,
559,m.Kraków,,Gimnazjum nr 16,Kraków,Konarskiego,220,21%,89,9,81,9,81,9,75,9,163,94,8,163,85,34,95,9,15,92,0,,0,
560,m.Kraków,,"Gimnazjum z Oddziałami Integracyjnymi nr 15 wKrakowie",Kraków,Al. Kijowska,75,40%,86,9,81,9,79,9,78,9,72,91,8,72,80,2,96,,1,100,0,,0,
561,m.Kraków,,Gimnazjum Nr 19 w Krakowie,Kraków,Na Błonie,57,28%,73,6,58,5,45,5,50,5,55,70,6,55,51,1,65,,0,,0,,0,
562,m.Kraków,,Gimnazjum nr 18,Kraków,Złoty Róg,74,28%,82,8,70,8,58,7,55,6,44,86,8,44,68,1,63,,0,,0,,0,
563,m.Kraków,,"Gimnazjum z Oddziałami Integracyjnymi nr 12im. Księdza Kardynała Karola Wojtyły",Kraków,Kluczborska,37,35%,69,5,56,5%,41,4,47,4,34,62,5,34,42,3,63,,1,95,0,,0,
564,m.Kraków,,Gimnazjum Nr 17 im. Artura Grottgera,Kraków,Litewska,69,46%,71,6,59,5,46,5,53,6,71,72,6,71,51,0,,,0,,0,,0,
565,m.Kraków,,Gimnazjum nr 2,Kraków,Studencka,172,23%,89%,9,85,9,83,9,76,9,168,94,8,168,85,2,94,,0,,0,,0,
566,m.Kraków,,"Prywatne Gimnazjum z OddziałamiDwujęzycznymi nr 2 im. Noblistow Polskich",Kraków,Kluczborska,7,57%,91,9,72,8,79,9,66,8,9,99,9,9,93,0,,,0,,0,,0,
567,m.Kraków,,"Państwowa Ogólnokształcąca Szkoła SztukPięknych im. Józefa Czapskiego w Krakowie",Kraków,Mlaskotów,29,24%,81,%8,64,7,56,7,52,5,29,80,7,29,65,0,,,0,,0,,0,
568,m.Kraków,,Społeczne Gimnazjum Sportowe,Kraków,Szablowskiego,12,33%,72,6,62,6,51,6,58,7,12,81,7,12,58,0,,,0,,0,,0,
569,m.Kraków,,"Publiczne Gimnazjum Sióstr Pijarek im. Św.Józefa Kalasancjusza",Kraków,G. Korzeniaka,19,53%,74,7,64,7,52,7,53,6,19,76,7,19,57,0,,,0,,0,,0,
570,m.Kraków,,"II Gimnazjum Małopolskiego Centrum Edukacji wKrakowie",Kraków,Szlachtowskiego,12,33%,77,7,72,8,60,8,56,7,11,71,6,11,56,0,,,0,,1,73,0,
571,m.Kraków,,Gimnazjum Sportowe Nr 76,Kraków,Al. Kijowska,39,31%,77,7,71,8,58,7,66,8,33,76,7,32,55,5,61,6,0,,0,,0,
572,m.Kraków,,Niepubliczne Gimnazjum im. Janusza Korczaka,Kraków,"KazimierzaWielkiego",12,17%,82,8,70,8,58,7,61,8,12,97,9,12,84,0,,,0,,0,,0,
573,m.Kraków,,Gimnazjum z Oddziałami Dwujęzycznymi nr 83,Kraków,Porzeczkowa,37,27%,81,8,65,7,52,7,62,8,37,73,6,37,63,0,,,0,,0,,0,
574,m.Kraków,,"Chrześcijańskie Gimnazjum ""Uczeń"" z OddziałamiIntegracyjnymi",Kraków,Armii Krajowej,14,64%,77,7,64,7,62,8,65,8,14,72,6,14,58,1,53,,0,,0,,0,
575,m.Kraków,,"Niepubliczne Gimnazjum Embassy InternationalSchool",Kraków,Biernackiego,3,67%,85,,69,,90,,74,,3,100,,3,98,0,,,0,,0,,0,
576,m.Kraków,,Gimnazjum Nr 82,Kraków,Stawowa,12,33%,76,7,69,8,44,5,57,7,12,74,6,12,56,0,,,0,,0,,0,
577,m.Kraków,,Gimnazjum nr 14 im. Jana Kasprowicza,Kraków,Chełmońskiego,47,68%,68,5,54,4,36,3,44,3,41,62,5,41,44,6,37,2,1,10,0,,0,
578,m.Kraków,,Gimnazjum Specjalne nr 85,Kraków,"GórkaNarodowa",11,9%,51,2,44,2,27,2,41,2,11,59,4,11,33,0,,,0,,0,,0,
579,m.Kraków,,"Zespół Szkolno-Przedszkolny nr 5 - Gimnazjum nr39 im. Józefa Dietla w Krakowie",Kraków,os. Oświecenia,110,25%,75,7,63,6,53,7,58,7,83,75,7,83,56,27,86,9,18,81,0,,0,
580,m.Kraków,,Gimnazjum nr 48 im. K. I. Gałczyńskiego,Kraków,os. Kolorowe,76,28%,58,3,47,3,32,3,44,3,71,57,4,71,33,5,43,3,0,,0,,0,
581,m.Kraków,,Gimnazjum Nr 37 z Oddziałami Integracyjnymi,Kraków,"os. ZłotegoWieku",79,47%,66,4,58,5,42,5,47,4,68,62,5,68,44,11,50,5,0,,0,,0,
582,m.Kraków,,Salezjańskie Gimnazjum Publiczne,Kraków,os. Piastów,148,7%,90,9,90,9,88,9,85,9,144,98,9,144,90,4,89,,0,,0,,0,
583,m.Kraków,,"Niepubliczne Gimnazjum OgólnokształcąceSzkoły Sportowej Piłki Nożnej im. GenerałaBernarda Monda",Kraków,Szkolne,20,15%,68,5,55,%4,44,5,46,4,20,66,5,20,35,1,48,,0,,0,,0,
584,m.Kraków,,Gimnazjum nr 43,Kraków,Łuczanowicka,23,26%,48%,2,44,2,26,2,37,2,23,43,2,23,20,0,,,0,,0,,0,
585,m.Kraków,,"Gimnazjum nr 49 im. Kawalerów OrderuUśmiechu w Zespole Szkół OgólnokształcącychIntegracyjnych nr 5 w Krakowie",Kraków,os. Słoneczne,44,36%,64,4%,57,5,40,4,47,4,36,57,4,36,36,5,48,4,0,,3,64,0,
586,m.Kraków,,"Publiczne Gimnazjum Sióstr Salezjanek im.Świętego Dominika Savio",Kraków,os. Jagiellońskie,142,21%,78,7,66,7,62,8,53,6,135,79,7,135,59,4,68,,0,,0,,0,
587,m.Kraków,,Gimnazjum nr 42 im. gen. Władysława Andersa,Kraków,os. Strusia,66,24%,61,3,52,4,38,4,43,3,64,58,4,64,34,1,70,,0,,0,,0,
588,m.Kraków,,"IX Gimnazjum Małopolskiego Centrum Edukacjiw Krakowie",Kraków,os. Kolorowe,21,29%,76,7,64,7,56,7,61,8,21,79,7,21,62,0,,,0,,0,,0,
589,m.Kraków,,Gimnazjum im. Bogdana Jańskiego,Kraków,"os.Niepodległości",71,20%,80,8,64,7,52,7,52,5,67,76,7,67,58,4,81,,0,,0,,0,
590,m.Kraków,,"Publiczne Gimnazjum im. Królowej Apostołówprzy Zespole Szkół Pallotyńskich w Krakowie",Kraków,Bulwarowa,87,20%,80,8,70,8,50,6,60,7,87,78,7,87,60,0,,,0,,0,,0,
591,m.Kraków,,Społeczne Gimnazjum nr 3,Kraków,"os. Dywizjonu303",18,39%,84,8,84,9,70,8,67,8,18,95,9,18,90,0,,,0,,0,,0,
592,m.Kraków,,Gimnazjum nr 44,Kraków,os. Na Stoku,45,36%,60,3,55,4,35,3,47,4,44,49,3,43,29,1,40,,0,,0,,0,
593,m.Kraków,,Gimnazjum Nr 47 - sportowe,Kraków,os. Handlowe,71,25%,71,6,67,7,55,7,56,7,70,78,7,70,53,1,68,,0,,0,,0,
594,m.Kraków,,Gimnazjum Nr 36,Kraków,"os. Dywizjonu303",66,21%,73,6,61,6,39,4,50,5,63,71,6,63,52,1,50,,0,,0,,0,
595,m.Kraków,,Gimnazjum Nr 46 - Sportowe,Kraków,Os. Teatralne,227,20%,81,8,73,8,65,8,59,7,195,80,7,195,63,32,88,9,27,81,0,,0,
596,m.Kraków,,"Ogólnokształcąca Szkoła Muzyczna II Stopnia wZespole Państwowych Szkół Muzycznych im. M.Karłowicza",Kraków,os. Centrum E,19,11%,84,8,74,8,75,9,69,8,17,90,8,17,78,0,,,0,,0,,0,
597,m.Kraków,,"Zespół Szkół Ogólnokształcących nr 52 -Gimnazjum nr 77",Kraków,"Józefa Sawy-Calińskiego",15,7%,68,5,51,3,33,3,42,3,15,54,3,15,30,0,,,0,,0,,0,
598,m.Kraków,,"ZSOI Nr 6 - Gimnazjum Integracyjne Nr 74 im. H.Sienkiewicza",Kraków,os. Na Stoku,79,19%,83,8,78,8,76,9,73,9,79,88,8,79,72,0,,,0,,0,,0,
599,m.Kraków,,Prywatne Gimnazjum Nr 1,Kraków,Dygasińskiego,22,45%,89,9,85,%9,83,9,86,9,22,99,9,22,89,0,,,0,,0,,0,
600,m.Kraków,,Gimnazjum nr 35,Kraków,Limanowskiego,85,29%,82%,8,81,9,78,9,74,9,84,89,8,84,76,0,,,0,,0,,0,
601,m.Kraków,,"Zespół Szkół Ogólnokształcących nr 15 -Gimnazjum nr 33",Kraków,Rydygiera,54,15%,76,7,56,5,44,5,49,5,52,72,6,52,49,1,80,,0,,0,,0,
602,m.Kraków,,Gimnazjum z Oddziałami Integracyjnymi nr 32,Kraków,Żabia,143,34%,76,7,68,7,52,7,57,7,139,79,7,139,56,0,,,0,,0,,0,
603,m.Kraków,,Gimnazjum nr 21,Kraków,Komandosów,140,28%,84,8,78,8,75,9,70,8,139,90,8,139,77,1,90,,0,,0,,0,
604,m.Kraków,,"Gimnazjum Nr 28 im. Marszałka JózefaPiłsudskiego",Kraków,Bujaka,115,23%,72,6,67,7,51,6,58,7,114,80,7,114,59,0,,,0,,0,,0,
605,m.Kraków,,Gimnazjum nr 29 w Krakowie,Kraków,Aleksandry,82,37%,68,5,55,4,44,5,52,5,82,67,5,82,46,0,,,0,,0,,0,
606,m.Kraków,,Gimnazjum Nr 26 w Krakowie,Kraków,Mirtowa,53,38%,73,6,65,7,52,7,50,5,54,72,6,54,49,0,,,0,,0,,0,
607,m.Kraków,,"Społeczne Gimnazjum Nr 1 im. ZbigniewaHerberta",Kraków,Forteczna,16,44%,83,8,88,9,87,9,81,9,16,99,9,16,96,0,,,0,,0,,0,
608,m.Kraków,,Gimnazjum Nr 25 im. prof. J. Aleksandrowicza,Kraków,Strąkowa,112,38%,74,7,64,7,52,7,56,7,113,74,6,113,53,0,,,0,,1,100,0,
609,m.Kraków,,Gimnazjum nr 51,Kraków,Grochowa,27,52%,68,5,51,3,35,3,43,3,28,53,3,28,38,0,,,0,,0,,0,
610,m.Kraków,,Prywatne Gimnazjum,Kraków,Stroma,11,36%,81,8,84,9,77,9,77,9,10,92,8,10,84,0,,,0,,0,,0,
611,m.Kraków,,Gimnazjum z Oddziałami Integracyjnymi nr 23,Kraków,Lipińskiego,79,33%,73,6,61,6,48,6,52,5,82,67,5,81,44,6,77,8,2,56,0,,0,
612,m.Kraków,,Gimnazjum nr 24,Kraków,"J. Montwiłła -Mireckiego",112,31%,79,8,69,8,62,8,66,8,114,82,7,114,60,0,,,0,,0,,0,
613,m.Kraków,,Gimnazjum Nr 27,Kraków,Malborska,29,48%,52,2,42,2,30,2,40,2,28,48,3,28,27,0,,,0,,0,,0,
614,m.Kraków,,Gimnazjum Nr 30 im. Stefana Żeromskiego,Kraków,Telimeny,24,50%,63,4,48,3,40,4,48,4,13,72,6,13,45,11,47,4,0,,0,,0,
615,m.Kraków,,Gimnazjum Specjalne nr 59,Kraków,"GórkaNarodowa",13,31%,43,2,36,2,26,2,39,2,12,40,2,12,20,1,25,,1,10,0,,0,
616,m.Kraków,,Gimnazjum nr 9,Kraków,"KazimierzaOdnowiciela",47,38%,72,6,59,5,48,6,49,5,47,65,5,47,45,0,,,0,,0,,0,
617,m.Kraków,,Gimnazjum nr 34,Kraków,Potiebni,48,42%,71,6,57,5,49,6,51,5,45,69,6,45,50,3,73,,0,,0,,0,
618,m.Kraków,,"Gimnazjum Specjalne im. Świętej SiostryFaustyny",Kraków,Siostry Faustyny,20,20%,62,3,45,2,38,4,46,4,19,49,3,18,31,0,,,0,,1,65,0,
619,m.Kraków,,"Gimnazjum z Oddziałami Integracyjnymi nr 75im. Polskich Kawalerów Maltańskich",Kraków,Czarnogórska,101,25%,73,6,62,6,54,7,57,7,101,79,7,101,60,0,,,0,,0,,0,
620,m.Kraków,,"Prywatne Trzyletnie Gimnazjum dla DorosłychZaoczne",Kraków,Pszczelna,12,8%,35,1,31,1,20,1,29,1,12,35,1,12,17,0,,,0,,0,,0,
621,m.Kraków,,Gimnazjum nr 80,Kraków,"StanisławaMillana",31,45%,41,2,34,%1,19,1,36,2,32,37,1,31,15,0,,,0,,0,,0,
622,m.Kraków,,"Społeczne Gimnazjum nr 5 SpołecznegoTowarzystwa Oświatowego",Kraków,Kurczaba,10,70%,69%,5,67,7,47,6,58,7,10,80,7,10,68,0,,,0,,0,,0,
623,m.Kraków,,"Gimnazjum Zgromadzenia Sióstr NajświętszejRodziny z Nazaretu",Kraków,Wysłouchów,56,25%,92,9,87,9,91,9,82,9,50,98,9,50,91,3,93,,3,88,0,,0,
624,m.Kraków,,Tynieckie Gimnazjum Społeczne,Kraków,Benedyktyńska,20,40%,81,8,76,8,64,8,62,8,20,89,8,20,76,0,,,0,,0,,0,
625,m.Kraków,,Gimnazjum Rajska Szkoła,Kraków,Tuchowska,16,31%,65,4,60,6,36,3,48,4,16,69,6,16,49,0,,,0,,0,,0,
626,m.Kraków,,Katolickie Gimnazjum Montessori,Kraków,Pawlickiego,12,58%,82,8,77,8,81,9,77,9,10,90,8,10,76,0,,,0,,0,,0,
627,m.Kraków,,"KOSTKA Publiczne Gimnazjum Jezuitów im. Św.Stanisława Kostki w Krakowie",Kraków,Spółdzielców,141,35%,80,8,72,8,63,8,66,8,125,83,7,125,67,16,70,7,2,88,0,,0,
628,m.Kraków,,"Niepubliczne Gimnazjum ""Wolna SzkołaWaldorfska""",Kraków,Zawiła,8,38%,64,4,53,4,44,5,54,6,8,85,8,8,62,0,,,0,,0,,0,
629,m.Kraków,,Gimnazjum Nr 6,Kraków,"Ks. FranciszkaBlachnickiego",26,42%,67,5,53,4,42,5,46,4,16,64,5,15,42,10,77,8,7,51,0,,0,
630,m.Kraków,,Gimnazjum nr 5,Kraków,"Wilhelma WilkaWyrwińskiego",56,39%,67,5,56,5,36,3,46,4,42,68,6,42,50,14,63,7,6,40,0,,0,
631,m.Kraków,,Prywatne Gimnazjum Nr 8 im. Mikołaja Reja,Kraków,Grodzka,47,32%,89,9,82,9,85,9,82,9,47,97,9,47,88,0,,,0,,0,,0,
632,m.Kraków,,"Publiczne Gimnazjum nr 52 Ojców Pijarów im.ks. Stanisława Konarskiego",Kraków,Dzielskiego,138,17%,91,9,89,9,91,9,88,9,131,99,9,131,92,0,,,0,,0,,0,
633,m.Kraków,,"Gimnazjum z Oddziałem Dwujęzycznym im.Piotra Michałowskiego TSSP",Kraków,Michałowskiego,26,46%,87,9,87,9,82,9,79,9,21,97,9,21,86,2,98,,2,99,0,,0,
634,m.Kraków,,"Prywatne Gimnazjum nr 4 ""Inspiracja""",Kraków,Śniadeckich,19,58%,91,9,85,9,78,9,79,9,19,100,9,19,92,0,,,0,,0,,0,
635,m.Kraków,,Publiczne Gimnazjum nr 53 Sióstr Prezentek,Kraków,św. Jana,83,28%,85,8,79,9,76,9,75,9,72,90,8,73,77,8,78,8,5,58,0,,0,
636,m.Kraków,,"Społeczne Gimnazjum Nr 7 im. JuliuszaSłowackiego Społecznego TowarzystwaOświatowego",Kraków,Stradomska,56,39%,87,9,84,9,79,9,74,9,53,98,9,53,91,1,98,,1,95,0,,0,
637,m.Kraków,,"Prywatne Gimnazjum Akademickie nr 6 im.Fryderyka Chopina",Kraków,Karmelicka,36,33%,87,9,83,9,86,9,77,9,38,99,9,38,94,0,,,0,,0,,0,
638,m.Kraków,,"Publiczne Gimnazjum Nr 72 im. św. Tomasza zVillanova Zgromadzenia Sióstr Augustianek",Kraków,Skałeczna,57,35%,87,9,78,%8,77,9,75,9,55,94,8,55,84,1,95,,1,98,0,,0,
639,m.Kraków,,Prywatne Gimnazjum nr 7,Kraków,Basztowa,28,39%,80,8,67,7,57,7,57,7,28,92,8,28,78,0,,,0,,0,,0,
640,m.Kraków,,"Społeczne Gimnazjum nr 4 im. X. B. W. IgnacegoKrasickiego",Kraków,Dunajewskiego,5,20%,73%,6,61,6,44,5,44,3,4,91,,4,59,1,73,,0,,0,,0,
641,m.Kraków,,Gimnazjum Nr 8 Mistrzostwa Sportowego,Kraków,Grochowska,58,22%,79,8,66,7,70,8,64,8,53,88,8,53,73,5,74,8,3,58,0,,0,
642,m.Kraków,,Gimnazjum nr 4,Kraków,Rynek Kleparski,104,38%,78,%7,71,8,59,7,56,7,98,81,7,98,63,4,48,,0,,0,,0,
643,m.Kraków,,Gimnazjum nr 7 im. Bartosza Głowackiego,Kraków,Jachowicza,123,24%,79,8,69,8,60,8,62,8,94,77,7,94,57,19,87,9,12,74,0,,0,
644,m.Kraków,,Gimnazjum nr 1 im. ks. Stanisława Konarskiego,Kraków,Bernardyńska,197,30%,86,9,78,8,68,8,73,9,163,95,9,163,84,26,89,9,20,77,0,,0,
645,m.Kraków,,Prywatne Gimnazjum Brytyjskie w Krakowie,Kraków,Smoleńsk,2,0%,77,,73,,62,,66,,2,100,,2,95,0,,,0,,0,,0,
646,m.Kraków,,Prywatne Gimnazjum Nr 5 w Krakowie,Kraków,Sławkowska,13,46%,67,5,55,4,39,4,47,4,12,82,7,12,65,1,88,,1,78,0,,0,
647,m.Kraków,,"Społeczne Gimnazjum nr 8 SpołecznegoTowarzystwa Oświatowego",Kraków,"Stanisława zeSkalbmierza",13,23%,83,8,81,9,78,9,74,9,13,94,8,13,86,0,,,0,,0,,0,
648,m.Kraków,,"Atut Lider Kształcenia Gimnazjum dla Dorosłychw Krakowie",Kraków,Sławkowska,14,0%,39,2,37,2,19,1,32,1,14,47,2,14,17,0,,,0,,0,,0,
649,m.Kraków,,"Katolickie Gimnazjum Ruchu Światło-Życie im.ks. Franciszka Blachnickiego w Krakowie",Kraków,Strzelców,39,41%,78,7,80,9,63,8,67,8,37,84,8,37,67,1,73,,0,,0,,0,
650,m.Kraków,,"Krakowska Szkoła Innowacji - Gimnazjum dlaDorosłych",Kraków,Dietla,14,0%,50,2,46,2,22,2,43,3,14,52,3,14,25,0,,,0,,0,,0,
651,m.Kraków,,"Gimnazjum z Oddziałami Integracyjnymi nr 11im. płk. pilota Stanisława Skarżyńskiego",Kraków,"SeniorówLotnictwa",40,30%,79,8,64,7,54,7,54,6,30,76,7,30,60,10,87,9,8,75,0,,0,
652,m.Kraków,,"Kolegium Europejskie - Publiczne EuropejskieGimnazjum w Krakowie",Kraków,Metalowców,4,50%,62,,62,,50,,62,,4,85,,4,74,0,,,0,,0,,0,
653,m.Kraków,,"Katolickie Gimnazjum im. Świętej Rodziny zNazaretu",Kraków,Pędzichów,90,31%,85,8,85,9,85,9,82,9,88,96,9,88,85,1,95,,1,85,0,,0,
654,m.Kraków,,Gimnazjum Specjalne nr 84,Kraków,Lubomirskiego,41,12%,36,1,34,1,21,2,31,1,36,38,2,36,15,5,36,2,0,,0,,0,
655,m.Nowy Sącz,M. Nowy Sącz,Gimnazjum nr 6 im. Tadeusza Kościuszki,Nowy Sącz,Piramowicza,53,13%,75,7,57,5,44,5,55,6,53,64,5,53,44,0,,,0,,0,,0,
656,m.Nowy Sącz,M. Nowy Sącz,"Gimnazjum nr 2 im. ks. Jana Twardowskiego wNowym Sączu",Nowy Sącz,Szkolna,117,4%,75,7,63,6,52,7,51,5,108,72,6,108,51,8,51,5,0,,0,,0,
657,m.Nowy Sącz,M. Nowy Sącz,"Gimnazjum nr 3 z Oddziałami Dwujęzycznymi im.Henryka Sienkiewicza w Nowym Sączu",Nowy Sącz,Królowej Jadwigi,97,9%,%77,7,63,6,46,5,52,5,97,69,6,97,47,0,,,0,,0,,0,
658,m.Nowy Sącz,M. Nowy Sącz,"Gimnazjum Nr 5 z Oddziałami Integracyjnymi im.Świętej Kingi w Nowym Sączu",Nowy Sącz,Nadbrzeżna,119,13%,66,%4,55,4,44,5,50,5,115,58,4,115,39,4,29,,0,,0,,0,
659,m.Nowy Sącz,M. Nowy Sącz,Gimnazjum Nr 1 im. Jana Długosza,Nowy Sącz,Długosza,68,6%,90,9,79,9,74,9,72,9,66,93,8,66,84,2,88,,1,100,0,,0,
660,m.Nowy Sącz,M. Nowy Sącz,"Gimnazjum Akademickie im. Króla BolesławaChrobrego",Nowy Sącz,Jagiellońska,18,11%,85,8,74,8,69,8,70,8,17,96,9,17,89,0,,,0,,0,,0,
661,m.Nowy Sącz,M. Nowy Sącz,"Zespół Szkół Podstawowo-Gimnazjalnych nr 1im. Bohaterów Sądecczyzny w Nowym SączuGimnazjum Nr 9 im. Bohaterów Sądecczyzny",Nowy Sącz,29 Listopada,56,7%,71,6,60,6,43,5,51,5,54,59,4,54,42,2,70,,0,,0,,0,
662,m.Nowy Sącz,M. Nowy Sącz,"Gimnazjum nr 10 im. ""Orląt Lwowskich""",Nowy Sącz,"Gen. Bora-Komorowskiego",90,12%,73,6,65,7,46,5,56,7,90,69,6,90,50,0,,,0,,0,,0,
663,m.Nowy Sącz,M. Nowy Sącz,"Katolickie Gimnazjum im. Bł. Piotra JerzegoFrassati w Nowym Sączu",Nowy Sącz,Plac Kolegiacki,5,20%,81,8,63,6,48,6,54,6,4,91,,4,79,0,,,0,,0,,0,
664,m.Nowy Sącz,M. Nowy Sącz,"Gimnazjum nr 11 im. A. Mickiewicza w NowymSączu",Nowy Sącz,Długosza,176,11%,79,8,67,7,63,8,61,8,170,78,7,170,61,6,69,7,0,,0,,0,
665,m.Nowy Sącz,M. Nowy Sącz,Gimnazjum Akademickie Jezuitów,Nowy Sącz,P. Skargi,46,7%,90,9,81,9,85,9,70,8,44,95,9,44,86,0,,,0,,0,,0,
666,m.Nowy Sącz,M. Nowy Sącz,"Katolicka Niepubliczna Ogólnokształcąca SzkołaMuzyczna",Nowy Sącz,Plac Kolegiacki,4,25%,72,,63,,54,,39,,4,48,,4,31,0,,,0,,0,,0,
667,m.Tarnów,M. Tarnów,Gimnazjum nr 1 w Tarnowie,Tarnów,Reymonta,22,27%,70,5,57,5,35,3,53,6,19,63,5,19,39,3,55,,0,,0,,0,
668,m.Tarnów,M. Tarnów,"Gimnazjum Nr 2 im. Mikołaja Kopernika wTarnowie",Tarnów,Kopernika,255,18%,78,7,66,7,56,7,58,7,246,83,7,246,65,9,79,8,0,,0,,0,
669,m.Tarnów,M. Tarnów,Gimnazjum Nr 4 im. Jerzego Brauna w Tarnowie,Tarnów,"Bitwy podStudziankami",101,19%,65,4,56,5,41,4,50,5,92,64,5,92,43,4,54,,0,,0,,0,
670,m.Tarnów,M. Tarnów,Gimnazjum nr 6 w Tarnowie im. Jana Pawła II,Tarnów,Krzyska,95,28%,76,7,68,7,58,7,61,8,95,81,7,95,66,0,,,0,,0,,0,
671,m.Tarnów,M. Tarnów,"Gimnazjum Nr 7 z Odziałami Integracyjnymi im.Janusza Korczaka w Tarnowie",Tarnów,Bandrowskiego,34,12%,55,2,47,%3,31,3,42,3,34,52,3,34,31,0,,,0,,0,,0,
672,m.Tarnów,M. Tarnów,Gimnazjum nr 8 im. Stanisława Westwalewicza,Tarnów,"Os. LegionówHenrykaDąbrowskiego",39,36%,%61,3,53,4,39,4,46,4,39,56,4,39,37,0,,,0,,0,,0,
673,m.Tarnów,M. Tarnów,"Gimnazjum nr 11 im. Romana Brandstaettera wTarnowie",Tarnów,Szujskiego,146,21%,72,%6,62,6,49,6,57,7,136,71,6,136,50,10,61,6,0,,0,,0,
674,m.Tarnów,M. Tarnów,"Ogólnokształcąca Szkoła Muzyczna II Stopnia im.I. J. Paderewskiego",Tarnów,Lippóczy`ego,19,37%,90,9,81,9,71,8,64,8,18,94,8,18,85,1,88,,1,95,0,,0,
675,m.Tarnów,M. Tarnów,Ogólnokształcąca Szkoła Sztuk Pięknych,Tarnów,Westwalewicza,16,31%,68,5,53,4,37,4,49,5,15,64,5,15,41,0,,,0,,0,,0,
676,m.Tarnów,M. Tarnów,"Gimnazjum Nr 9 z Klasami Sportowymi wZespole Szkół Sportowych w Tarnowie",Tarnów,Zbylitowska,81,19%,72,6,57,5,46,5,53,6,62,79,7,62,60,18,67,7,14,56,0,,0,
677,m.Tarnów,M. Tarnów,"Gimnazjum nr 10 w Zespole SzkółOgólnokształcących nr 1 w Tarnowie",Tarnów,Norwida,73,32%,74,7,68,7,60,8,60,7,69,82,7,69,66,2,100,,2,100,0,,0,
678,m.Tarnów,M. Tarnów,Gimnazjum Dwujęzyczne im. Świętej Kingi,Tarnów,Mickiewicza,55,9%,86,9,85,9,80,9,76,9,51,99,9,51,94,0,,,0,,0,,0,
679,m.Tarnów,M. Tarnów,Niepubliczne Niepłatne Gimnazjum,Tarnów,Błotna,20,10%,87,9,79,9,71,8,68,8,19,95,9,19,86,1,95,,1,85,0,,0,
680,m.Tarnów,M. Tarnów,"Społeczne Gimnazjum Matematyczno-Przyrodnicze Społecznego TowarzystwaOświatowego",Tarnów,Matejki,11,45%,84,8,81,9,82,9,87,9,11,98,9,11,91,0,,,0,,0,,0,
681,m.Tarnów,M. Tarnów,"Niepubliczne Niepłatne Gimnazjum ""UKonarskiego"" w Tarnowie",Tarnów,Szewska,32,31%,65,4,53,4,44,5,46,4,30,62,5,30,41,2,94,,0,,0,,0,
682,m.Tarnów,M. Tarnów,"Niepubliczne Niepłatne Gimnazjum ""Piętnastka""w Tarnowie",Tarnów,Krupnicza,17,41%,82,8,69,8,58,7,68,8,16,82,7,16,68,1,58,,0,,0,,0,
683,m.Tarnów,M. Tarnów,Katolickie Gimnazjum w Tarnowie,Tarnów,Warzywna,7,29%,74,7,74,8,65,8,64,8,7,84,8,7,69,0,,,0,,0,,0,
684,m.Tarnów,M. Tarnów,"Prywatne Gimnazjum Specjalne ""LIBERTIA"" dlamłodzieży przy MOS ""LIBERTIA"" w Tarnowie",Tarnów,al. Solidarności,14,7%,38,1,38,2,22,2,33,2,11,34,1,11,13,1,50,,1,43,0,,0,
685,m.Tarnów,M. Tarnów,"Gimnazjum z Oddziałami Przysposabiającymi doPracy",Tarnów,ul. Mościckiego,42,7%,24,1,28,1,17,1,27,1,44,34,1,44,12,0,,,0,,0,,0,
686,m.Tarnów,M. Tarnów,Niepubliczne Gimnazjum,Tarnów,"ul. Ks. J.Skorupki",16,38%,62,3,52,4,31,3,45,3,12,68,6,12,51,4,53,,0,,0,,0,
